%time,field.data
1322300000000,-1.01887965202
1322330000000,-1.0187523365
1322360000000,-1.01763439178
1322390000000,-1.01612210274
1322430000000,-1.01322722435
1322480000000,-1.01091957092
1322480000000,-1.00742697716
1322480000000,-1.00505709648
1322520000000,-1.00144219398
1322530000000,-0.996931791306
1322570000000,-0.991862773895
1322620000000,-0.987059473991
1322620000000,-0.982041597366
1322660000000,-0.977911949158
1322660000000,-0.971441745758
1322700000000,-0.965800642967
1322700000000,-0.961653709412
1322750000000,-0.955709457397
1322750000000,-0.95064163208
1322790000000,-0.945121526718
1322800000000,-0.937633633614
1322850000000,-0.931724905968
1322890000000,-0.925787091255
1322940000000,-0.919971346855
1322940000000,-0.91427719593
1322980000000,-0.907430887222
1322980000000,-0.902195453644
1323030000000,-0.897056341171
1323070000000,-0.889976263046
1323070000000,-0.884312152863
1323120000000,-0.876150846481
1323130000000,-0.869304895401
1323170000000,-0.861588954926
1323220000000,-0.85472202301
1323260000000,-0.846913099289
1323260000000,-0.83886051178
1323310000000,-0.832008004189
1323330000000,-0.820354342461
1323370000000,-0.810303092003
1323410000000,-0.802283167839
1323460000000,-0.792931318283
1323460000000,-0.785266399384
1323500000000,-0.776971936226
1323520000000,-0.769153356552
1323560000000,-0.760713815689
1323610000000,-0.751650810242
1323610000000,-0.742666125298
1323650000000,-0.732421398163
1323660000000,-0.723855018616
1323700000000,-0.716687917709
1323750000000,-0.706178426743
1323790000000,-0.697880268097
1323790000000,-0.687840938568
1323830000000,-0.677750825882
1323840000000,-0.66862988472
1323890000000,-0.657694339752
1323930000000,-0.648022770882
1323970000000,-0.639584779739
1323970000000,-0.629633545876
1324020000000,-0.619426846504
1324020000000,-0.61106801033
1324070000000,-0.602601408958
1324110000000,-0.593434929848
1324110000000,-0.583090424538
1324160000000,-0.57296192646
1324170000000,-0.565350413322
1324210000000,-0.55638051033
1324250000000,-0.545407652855
1324300000000,-0.537214040756
1324300000000,-0.528614997864
1324340000000,-0.518543601036
1324350000000,-0.510610461235
1324390000000,-0.501084446907
1324430000000,-0.491733551025
1324480000000,-0.482779502869
1324530000000,-0.469916343689
1324530000000,-0.459901332855
1324570000000,-0.450331330299
1324580000000,-0.441637158394
1324620000000,-0.434696912766
1324670000000,-0.424544692039
1324720000000,-0.417395830154
1324720000000,-0.409053206444
1324760000000,-0.400556564331
1324770000000,-0.392808437347
1324820000000,-0.381955862045
1324860000000,-0.372279763222
1324900000000,-0.361605286598
1324950000000,-0.35225379467
1324950000000,-0.344813585281
1324990000000,-0.338825106621
1325010000000,-0.332149505615
1325050000000,-0.326036691666
1325100000000,-0.318895578384
1325140000000,-0.311878442764
1325140000000,-0.307426095009
1325180000000,-0.298920154572
1325180000000,-0.292763590813
1325230000000,-0.284629702568
1325280000000,-0.278379321098
1325280000000,-0.270586848259
1325320000000,-0.26458799839
1325330000000,-0.257940888405
1325370000000,-0.25240957737
1325420000000,-0.246668219566
1325460000000,-0.240948915482
1325460000000,-0.23492026329
1325510000000,-0.228765487671
1325510000000,-0.223095655441
1325560000000,-0.217230558395
1325600000000,-0.210902690887
1325640000000,-0.205694913864
1325640000000,-0.19956600666
1325690000000,-0.194882154465
1325690000000,-0.189619660378
1325740000000,-0.184265732765
1325780000000,-0.180195093155
1325820000000,-0.17530632019
1325820000000,-0.169332265854
1325860000000,-0.165690422058
1325870000000,-0.161345481873
1325910000000,-0.156594276428
1325950000000,-0.151822209358
1326000000000,-0.147314786911
1326000000000,-0.143064141273
1326040000000,-0.138076543808
1326050000000,-0.135496377945
1326090000000,-0.130683898926
1326140000000,-0.127216339111
1326190000000,-0.121291160583
1326190000000,-0.116502165794
1326230000000,-0.113094806671
1326250000000,-0.108572840691
1326300000000,-0.105236053467
1326340000000,-0.101092457771
1326390000000,-0.0966455936432
1326390000000,-0.0926332473755
1326430000000,-0.0899226665497
1326450000000,-0.0876595973969
1326490000000,-0.0846877098083
1326530000000,-0.0821048021317
1326580000000,-0.0805635452271
1326580000000,-0.076161980629
1326620000000,-0.0735881328583
1326630000000,-0.0708051919937
1326670000000,-0.0688934326172
1326720000000,-0.0656102895737
1326720000000,-0.0642533302307
1326770000000,-0.0621539354324
1326780000000,-0.0586816072464
1326830000000,-0.0579645633698
1326880000000,-0.0543719530106
1326880000000,-0.0528811216354
1326920000000,-0.050577044487
1326930000000,-0.047732591629
1326970000000,-0.0447150468826
1327020000000,-0.0420458316803
1327060000000,-0.0401028394699
1327060000000,-0.0392357110977
1327100000000,-0.035888671875
1327110000000,-0.0352346897125
1327150000000,-0.0343109369278
1327200000000,-0.0320107936859
1327240000000,-0.0289661884308
1327240000000,-0.0279858112335
1327290000000,-0.0267894268036
1327300000000,-0.0250319242477
1327340000000,-0.0221674442291
1327390000000,-0.0196440219879
1327430000000,-0.0162571668625
1327480000000,-0.0165175199509
1327520000000,-0.0137375593185
1327520000000,-0.0144637823105
1327570000000,-0.0151405334473
1327580000000,-0.0134383440018
1327630000000,-0.0112879276276
1327670000000,-0.00869989395142
1327720000000,-0.00843286514282
1327720000000,-0.0074577331543
1327760000000,-0.00648820400238
1327760000000,-0.00494396686554
1327800000000,-0.00510084629059
1327800000000,-0.00622117519379
1327850000000,-0.00447106361389
1327860000000,-0.00411319732666
1327900000000,-0.00195920467377
1327950000000,-0.000738739967346
1327990000000,-0.000277996063232
1327990000000,0.00171893835068
1328040000000,0.00307285785675
1328040000000,0.00167149305344
1328080000000,0.00288206338882
1328130000000,0.00349920988083
1328170000000,0.00445657968521
1328170000000,0.00514167547226
1328220000000,0.0056871175766
1328230000000,0.00523847341537
1328280000000,0.00681805610657
1328330000000,0.00858980417252
1328370000000,0.00784242153168
1328410000000,0.00894165039062
1328460000000,0.00916004180908
1328460000000,0.0100120902061
1328500000000,0.00993794202805
1328510000000,0.0104340910912
1328550000000,0.0107024908066
1328590000000,0.0113028287888
1328640000000,0.0113022327423
1328640000000,0.0129028558731
1328690000000,0.0121338367462
1328690000000,0.0114068984985
1328730000000,0.0123016834259
1328770000000,0.0125072598457
1328820000000,0.0122143626213
1328820000000,0.0137200951576
1328860000000,0.0134079456329
1328870000000,0.0122268795967
1328910000000,0.0140221118927
1328960000000,0.0118896365166
1329000000000,0.014032125473
1329000000000,0.0128335952759
1329050000000,0.0127047300339
1329050000000,0.0131134390831
1329090000000,0.014401614666
1329130000000,0.0136430859566
1329180000000,0.012679874897
1329180000000,0.0137128829956
1329220000000,0.0129279494286
1329230000000,0.0134389400482
1329270000000,0.0142441987991
1329320000000,0.0127283334732
1329320000000,0.0121808052063
1329360000000,0.0116213560104
1329380000000,0.0134288668633
1329420000000,0.0120652914047
1329470000000,0.0124108791351
1329510000000,0.0123853683472
1329510000000,0.0125370621681
1329550000000,0.0116762518883
1329570000000,0.0110094547272
1329610000000,0.0107320547104
1329650000000,0.0108327269554
1329700000000,0.0113382935524
1329740000000,0.010512650013
1329740000000,0.0103311538696
1329790000000,0.00983589887619
1329800000000,0.00969338417053
1329840000000,0.00988131761551
1329890000000,0.00917714834213
1329930000000,0.00801861286163
1329980000000,0.00791865587234
1329980000000,0.00771355628967
1330020000000,0.00804597139359
1330020000000,0.00836372375488
1330070000000,0.0103140473366
1330110000000,0.00696933269501
1330150000000,0.00645118951797
1330150000000,0.00720477104187
1330200000000,0.00663459300995
1330210000000,0.00566643476486
1330250000000,0.00740277767181
1330300000000,0.00599318742752
1330340000000,0.00745689868927
1330380000000,0.00571167469025
1330430000000,0.00562280416489
1330430000000,0.00494247674942
1330480000000,0.00446557998657
1330480000000,0.00494879484177
1330520000000,0.0052889585495
1330530000000,0.00548601150513
1330570000000,0.00278568267822
1330620000000,0.00328779220581
1330620000000,0.00270140171051
1330670000000,0.00289279222488
1330680000000,0.00289744138718
1330720000000,0.00498044490814
1330760000000,0.00286555290222
1330810000000,0.00326031446457
1330810000000,0.00261324644089
1330860000000,0.00362849235535
1330870000000,0.00299042463303
1330910000000,0.00281143188477
1330950000000,0.00330984592438
1330950000000,0.00319737195969
1331000000000,0.00348043441772
1331010000000,0.00234627723694
1331050000000,0.00259876251221
1331100000000,0.00251215696335
1331140000000,0.00226557254791
1331140000000,0.00182735919952
1331190000000,0.00211894512177
1331190000000,0.00338232517242
1331230000000,0.00180077552795
1331250000000,0.00291609764099
1331300000000,0.00423181056976
1331340000000,0.00242125988007
1331380000000,0.00210058689117
1331380000000,0.00186139345169
1331430000000,0.00238841772079
1331450000000,0.00250947475433
1331490000000,0.00150620937347
1331530000000,0.00120717287064
1331580000000,0.00159567594528
1331580000000,0.00151985883713
1331620000000,0.00232762098312
1331630000000,0.00214368104935
1331670000000,0.00233864784241
1331720000000,0.00360512733459
1331720000000,0.00385987758636
1331760000000,0.00274878740311
1331770000000,0.00230699777603
1331810000000,0.00208407640457
1331860000000,0.0018697977066
1331860000000,0.00231468677521
1331900000000,0.00227236747742
1331920000000,0.00279867649078
1331960000000,0.00302016735077
1332010000000,0.00266808271408
1332050000000,0.0031972527504
1332060000000,0.000922858715057
1332100000000,0.00131845474243
1332100000000,0.0023010969162
1332140000000,0.00170719623566
1332150000000,0.00151491165161
1332190000000,0.00293904542923
1332240000000,0.00201785564423
1332280000000,0.00245201587677
1332280000000,0.00141805410385
1332330000000,0.00130999088287
1332330000000,0.00238001346588
1332370000000,0.00190186500549
1332380000000,0.00180095434189
1332420000000,0.00176697969437
1332470000000,0.00254088640213
1332470000000,0.00288820266724
1332510000000,0.00265377759933
1332510000000,0.00243991613388
1332550000000,0.00303822755814
1332570000000,0.00111186504364
1332620000000,0.000860989093781
1332660000000,0.00243151187897
1332660000000,0.00367194414139
1332710000000,0.00322681665421
1332730000000,0.00277137756348
1332770000000,0.00185310840607
1332810000000,0.00369000434875
1332860000000,0.00322067737579
1332860000000,0.00322109460831
1332900000000,0.00240904092789
1332910000000,0.00223928689957
1332950000000,0.00303536653519
1333000000000,0.00191122293472
1333040000000,0.00318562984467
1333040000000,0.00172466039658
1333090000000,0.00262403488159
1333090000000,0.00268179178238
1333130000000,0.00318598747253
1333180000000,0.00317245721817
1333220000000,0.00286370515823
1333220000000,0.00224173069
1333270000000,0.00320237874985
1333270000000,0.00333875417709
1333310000000,0.00387012958527
1333350000000,0.00391447544098
1333400000000,0.00385874509811
1333400000000,0.00518482923508
1333450000000,0.00392228364944
1333450000000,0.00467199087143
1333500000000,0.00443243980408
1333550000000,0.00383639335632
1333550000000,0.00369584560394
1333590000000,0.00337141752243
1333600000000,0.00354611873627
1333640000000,0.00403183698654
1333690000000,0.00284725427628
1333730000000,0.00328171253204
1333730000000,0.00494515895844
1333780000000,0.00378608703613
1333790000000,0.00327533483505
1333830000000,0.00404971837997
1333880000000,0.00311696529388
1333880000000,0.0031316280365
1333930000000,0.00281476974487
1333930000000,0.00350338220596
1333970000000,0.00301718711853
1334020000000,0.0022240281105
1334070000000,0.00151187181473
1334070000000,0.000956952571869
1334110000000,0.00219231843948
1334140000000,0.00177299976349
1334180000000,0.00225979089737
1334230000000,0.00166815519333
1334270000000,0.00143092870712
1334270000000,0.00113964080811
1334320000000,0.000201046466827
1334330000000,0.000817358493805
1334380000000,0.00152719020844
1334420000000,0.00112390518188
1334420000000,0.000925004482269
1334470000000,0.00049501657486
1334470000000,-0.000487804412842
1334510000000,0.000508844852448
1334560000000,0.000165402889252
1334600000000,0.000377476215363
1334600000000,-0.000938296318054
1334650000000,4.8041343689e-05
1334650000000,-0.000725746154785
1334700000000,-0.000331163406372
1334740000000,0.00115329027176
1334740000000,0.00106972455978
1334780000000,-0.000283360481262
1334800000000,0.00043112039566
1334840000000,0.00115585327148
1334880000000,0.000107526779175
1334930000000,-0.000165700912476
1334930000000,-0.000954985618591
1334970000000,-0.000576615333557
1334980000000,-0.0022144317627
1335030000000,-0.00273835659027
1335070000000,-0.00430238246918
1335070000000,-0.00631594657898
1335120000000,-0.00648772716522
1335130000000,-0.00448596477509
1335180000000,-0.00625801086426
1335220000000,-0.0052365064621
1335270000000,-0.00544047355652
1335270000000,-0.00569891929626
1335310000000,-0.00399625301361
1335310000000,-0.00464582443237
1335350000000,-0.00526630878448
1335400000000,-0.00436651706696
1335440000000,-0.00413167476654
1335440000000,-0.00384831428528
1335480000000,-0.00366806983948
1335490000000,-0.00261557102203
1335530000000,-0.00371754169464
1335540000000,-0.00317430496216
1335580000000,-0.00338709354401
1335630000000,-0.00310158729553
1335670000000,-0.00286161899567
1335680000000,-0.00223314762115
1335720000000,-0.00200605392456
1335720000000,-0.000704169273376
1335750000000,-0.00215446949005
1335810000000,-0.00155687332153
1335850000000,0.000574827194214
1335900000000,0.000598728656769
1335950000000,4.95314598083e-05
1335990000000,-0.000543355941772
1335990000000,-0.000372767448425
1336030000000,-1.82390213013e-05
1336040000000,0.00119215250015
1336080000000,0.000964522361755
1336130000000,0.00185209512711
1336170000000,0.000770509243011
1336170000000,0.00148695707321
1336220000000,0.00049751996994
1336220000000,0.0001220703125
1336260000000,0.00103294849396
1336310000000,0.0009486079216
1336350000000,0.000842034816742
1336350000000,0.000652551651001
1336390000000,0.000508248806
1336400000000,0.00099766254425
1336440000000,0.0021488070488
1336490000000,0.00111919641495
1336540000000,0.000195980072021
1336540000000,-0.000155806541443
1336580000000,0.00102281570435
1336600000000,0.000410199165344
1336640000000,0.00110107660294
1336680000000,0.000636219978333
1336730000000,0.000666260719299
1336730000000,0.000171780586243
1336770000000,0.00111526250839
1336780000000,0.00058650970459
1336830000000,0.000396609306335
1336870000000,0.000614941120148
1336910000000,0.0010684132576
1336910000000,0.00102734565735
1336960000000,0.00201600790024
1336960000000,0.00108850002289
1337010000000,0.00137978792191
1337050000000,0.00150209665298
1337090000000,0.00263327360153
1337090000000,0.00241106748581
1337140000000,0.0025297999382
1337140000000,0.00221520662308
1337190000000,0.00286960601807
1337230000000,0.00270771980286
1337230000000,0.00421941280365
1337280000000,0.00428378582001
1337290000000,0.00311058759689
1337330000000,0.00264674425125
1337370000000,0.00275975465775
1337420000000,0.00373488664627
1337420000000,0.00399214029312
1337460000000,0.0039626955986
1337480000000,0.00371611118317
1337530000000,0.00459498167038
1337530000000,0.00429439544678
1337570000000,0.004170358181
1337580000000,0.00463199615479
1337620000000,0.00411731004715
1337670000000,0.00379538536072
1337710000000,0.00528275966644
1337710000000,0.00438845157623
1337750000000,0.00429505109787
1337760000000,0.00528091192245
1337810000000,0.00540506839752
1337850000000,0.00529819726944
1337850000000,0.00433713197708
1337900000000,0.00406700372696
1337900000000,0.00541776418686
1337940000000,0.00513958930969
1337940000000,0.00705218315125
1337980000000,0.0057384967804
1338000000000,0.00538229942322
1338040000000,0.00439369678497
1338080000000,0.0055285692215
1338080000000,0.00513744354248
1338120000000,0.00614994764328
1338150000000,0.00588661432266
1338190000000,0.00552272796631
1338230000000,0.00665646791458
1338230000000,0.00635272264481
1338280000000,0.00576621294022
1338290000000,0.00705617666245
1338330000000,0.00780075788498
1338380000000,0.00682318210602
1338420000000,0.00627368688583
1338460000000,0.00652146339417
1338510000000,0.00694489479065
1338510000000,0.00765186548233
1338550000000,0.00761419534683
1338550000000,0.00688123703003
1338600000000,0.00680184364319
1338640000000,0.00715798139572
1338640000000,0.00786179304123
1338690000000,0.00641888380051
1338690000000,0.0069779753685
1338730000000,0.00742238759995
1338770000000,0.00583392381668
1338770000000,0.00642621517181
1338820000000,0.00545364618301
1338830000000,0.00488615036011
1338870000000,0.00473743677139
1338910000000,0.0055485367775
1338910000000,0.00651746988297
1338960000000,0.00574851036072
1338970000000,0.0051863193512
1339010000000,0.00592833757401
1339060000000,0.00515192747116
1339100000000,0.00483250617981
1339100000000,0.00408571958542
1339150000000,0.00434821844101
1339160000000,0.00619256496429
1339200000000,0.00491678714752
1339250000000,0.00543296337128
1339290000000,0.00440788269043
1339290000000,0.00456416606903
1339340000000,0.00385171175003
1339340000000,0.00458508729935
1339380000000,0.00334995985031
1339390000000,0.00332850217819
1339430000000,0.00369870662689
1339480000000,0.00290244817734
1339480000000,0.00288844108582
1339520000000,0.00158667564392
1339530000000,0.00296640396118
1339570000000,0.00180906057358
1339620000000,0.0016525387764
1339660000000,0.000450968742371
1339660000000,0.00114977359772
1339710000000,0.00037682056427
1339710000000,0.0012081861496
1339750000000,3.66568565369e-05
1339760000000,-0.00148379802704
1339800000000,-0.00141608715057
1339850000000,-0.00129449367523
1339890000000,-0.00117766857147
1339890000000,-0.00111198425293
1339930000000,-0.00140023231506
1339940000000,-0.000893473625183
1339980000000,-0.00171256065369
1340020000000,-0.00108408927917
1340020000000,-0.00261282920837
1340070000000,-0.00220191478729
1340070000000,-0.00241696834564
1340110000000,-0.00337541103363
1340110000000,-0.00310206413269
1340160000000,-0.00302886962891
1340160000000,-0.00270938873291
1340210000000,-0.00258195400238
1340210000000,-0.00343239307404
1340250000000,-0.00329744815826
1340250000000,-0.00375843048096
1340300000000,-0.00234174728394
1340300000000,-0.0041606426239
1340340000000,-0.00463116168976
1340340000000,-0.00386607646942
1340390000000,-0.00362110137939
1340400000000,-0.00402641296387
1340440000000,-0.00428009033203
1340490000000,-0.00399160385132
1340490000000,-0.00285518169403
1340530000000,-0.0042906999588
1340530000000,-0.00489366054535
1340570000000,-0.00400590896606
1340570000000,-0.00428056716919
1340620000000,-0.00308215618134
1340630000000,-0.00297176837921
1340670000000,-0.00387144088745
1340720000000,-0.00357377529144
1340720000000,-0.00367069244385
1340760000000,-0.00203585624695
1340770000000,-0.00170886516571
1340810000000,-0.00203800201416
1340850000000,-0.00230419635773
1340850000000,-0.00265944004059
1340900000000,-0.00260329246521
1340910000000,-0.00211894512177
1340950000000,-0.000965476036072
1340990000000,-0.00189054012299
1341040000000,-0.00265944004059
1341040000000,-0.00248277187347
1341080000000,-0.00217616558075
1341090000000,-0.00245380401611
1341130000000,-0.00151860713959
1341170000000,-0.00162243843079
1341220000000,-0.00193047523499
1341220000000,-0.00226700305939
1341260000000,-0.0017215013504
1341260000000,-0.00191009044647
1341300000000,-0.00136196613312
1341320000000,-0.0010621547699
1341360000000,-0.00147712230682
1341410000000,0.000292956829071
1341410000000,-0.00179624557495
1341450000000,-0.000402092933655
1341460000000,-0.000755310058594
1341510000000,0.000681340694427
1341550000000,-7.55786895752e-05
1341590000000,-0.000218868255615
1341590000000,-0.000117897987366
1341640000000,0.000926434993744
1341640000000,0.00133329629898
1341680000000,0.00166493654251
1341680000000,0.000898122787476
1341720000000,0.00160264968872
1341730000000,0.00238567590714
1341770000000,0.00144404172897
1341810000000,0.00188934803009
1341860000000,0.001817882061
1341860000000,0.00372356176376
1341900000000,0.00288981199265
1341910000000,0.00249367952347
1341950000000,0.00237560272217
1341990000000,0.00257986783981
1341990000000,0.00277578830719
1342040000000,0.00198727846146
1342040000000,0.00191128253937
1342080000000,0.00348335504532
1342090000000,0.00369656085968
1342140000000,0.00246095657349
1342140000000,0.00207090377808
1342180000000,0.00153607130051
1342180000000,0.00200909376144
1342230000000,0.00279992818832
1342230000000,0.00328463315964
1342270000000,0.00342667102814
1342270000000,0.00321340560913
1342320000000,0.00287222862244
1342320000000,0.0044372677803
1342360000000,0.00330352783203
1342400000000,0.00170195102692
1342400000000,0.0033266544342
1342450000000,0.00320619344711
1342450000000,0.00156086683273
1342490000000,0.000941574573517
1342500000000,0.0011488199234
1342550000000,0.00264304876328
1342590000000,0.00312250852585
1342590000000,0.00508219003677
1342640000000,0.000745475292206
1342640000000,0.00155341625214
1342680000000,-0.00171184539795
1342680000000,-0.00220370292664
1342720000000,-0.00434947013855
1342720000000,-0.0076310634613
1342770000000,-0.00851142406464
1342770000000,-0.00905811786652
1342810000000,-0.0186465978622
1342820000000,-0.0216748714447
1342860000000,-0.0257688760757
1342900000000,-0.0358889102936
1342950000000,-0.0448739528656
1342950000000,-0.0493885278702
1342950000000,-0.0557650327682
1343000000000,-0.0621863603592
1343000000000,-0.0716986656189
1343020000000,-0.0778692960739
1343050000000,-0.0846047401428
1343090000000,-0.0927780866623
1343140000000,-0.102617383003
1343140000000,-0.111090660095
1343180000000,-0.123607754707
1343180000000,-0.128465414047
1343230000000,-0.131848335266
1343230000000,-0.141888618469
1343270000000,-0.153285503387
1343320000000,-0.160556435585
1343320000000,-0.170293092728
1343370000000,-0.174544215202
1343370000000,-0.183247804642
1343410000000,-0.187707901001
1343410000000,-0.197327971458
1343460000000,-0.2049305439
1343460000000,-0.208610415459
1343500000000,-0.218014717102
1343500000000,-0.220925450325
1343550000000,-0.226923346519
1343550000000,-0.230512738228
1343590000000,-0.236513853073
1343590000000,-0.246648669243
1343630000000,-0.252517104149
1343640000000,-0.260769605637
1343680000000,-0.268701553345
1343680000000,-0.273413777351
1343720000000,-0.279806733131
1343720000000,-0.284173369408
1343770000000,-0.290184378624
1343770000000,-0.294633865356
1343810000000,-0.299310326576
1343810000000,-0.303284525871
1343860000000,-0.309120893478
1343860000000,-0.316508412361
1343900000000,-0.320909500122
1343940000000,-0.328337550163
1343940000000,-0.334543824196
1343990000000,-0.34100496769
1343990000000,-0.343861341476
1344030000000,-0.346543908119
1344030000000,-0.346340537071
1344070000000,-0.350836515427
1344080000000,-0.356753706932
1344120000000,-0.361881136894
1344160000000,-0.363842964172
1344160000000,-0.366800785065
1344210000000,-0.367336392403
1344210000000,-0.367380976677
1344210000000,-0.369369387627
1344250000000,-0.370200634003
1344250000000,-0.372145533562
1344300000000,-0.373026132584
1344340000000,-0.373552918434
1344340000000,-0.373250603676
1344380000000,-0.374212026596
1344380000000,-0.373955965042
1344380000000,-0.374870538712
1344430000000,-0.376460552216
1344430000000,-0.374758243561
1344460000000,-0.375939369202
1344480000000,-0.3772367239
1344530000000,-0.377274751663
1344530000000,-0.376177191734
1344570000000,-0.375257492065
1344570000000,-0.374493837357
1344620000000,-0.373784899712
1344620000000,-0.372738480568
1344660000000,-0.372334957123
1344660000000,-0.371481060982
1344700000000,-0.370396733284
1344700000000,-0.368659615517
1344740000000,-0.36696100235
1344740000000,-0.365539669991
1344790000000,-0.364632844925
1344790000000,-0.362278342247
1344840000000,-0.360452771187
1344840000000,-0.360034346581
1344880000000,-0.358044862747
1344880000000,-0.356522679329
1344920000000,-0.354778170586
1344920000000,-0.350781559944
1344970000000,-0.347950935364
1344970000000,-0.346386790276
1345010000000,-0.344629049301
1345010000000,-0.342627763748
1345050000000,-0.340350985527
1345050000000,-0.337998747826
1345050000000,-0.335380911827
1345100000000,-0.334021925926
1345100000000,-0.331162929535
1345120000000,-0.327794313431
1345140000000,-0.32387804985
1345190000000,-0.321083068848
1345230000000,-0.31781065464
1345280000000,-0.313815951347
1345280000000,-0.309468388557
1345320000000,-0.306073188782
1345320000000,-0.30089533329
1345370000000,-0.298321604729
1345410000000,-0.293526768684
1345450000000,-0.289890885353
1345450000000,-0.285185575485
1345500000000,-0.281804561615
1345500000000,-0.277632117271
1345550000000,-0.275068283081
1345590000000,-0.270716667175
1345590000000,-0.266742110252
1345640000000,-0.263753414154
1345640000000,-0.258928894997
1345680000000,-0.255970001221
1345690000000,-0.251912593842
1345730000000,-0.249576210976
1345770000000,-0.243178129196
1345820000000,-0.240410089493
1345820000000,-0.238242268562
1345860000000,-0.232704520226
1345860000000,-0.230182290077
1345910000000,-0.227962732315
1345910000000,-0.223323464394
1345950000000,-0.220075845718
1345960000000,-0.215855956078
1346000000000,-0.213462948799
1346040000000,-0.208848714828
1346040000000,-0.206219911575
1346090000000,-0.20082616806
1346090000000,-0.198231101036
1346130000000,-0.194357633591
1346130000000,-0.191282391548
1346180000000,-0.187656402588
1346180000000,-0.18484210968
1346220000000,-0.182215213776
1346220000000,-0.179121613503
1346270000000,-0.1759506464
1346270000000,-0.172967195511
1346310000000,-0.169271826744
1346310000000,-0.167412042618
1346350000000,-0.165252447128
1346350000000,-0.160084486008
1346400000000,-0.157374739647
1346400000000,-0.152698755264
1346440000000,-0.150066137314
1346440000000,-0.148027539253
1346480000000,-0.146036267281
1346480000000,-0.14309155941
1346530000000,-0.140550136566
1346530000000,-0.138069987297
1346570000000,-0.136062145233
1346570000000,-0.131722688675
1346620000000,-0.130802154541
1346620000000,-0.129067540169
1346660000000,-0.125757575035
1346660000000,-0.123183488846
1346700000000,-0.121159434319
1346700000000,-0.1175314188
1346740000000,-0.114610433578
1346760000000,-0.112416744232
1346810000000,-0.109147191048
1346850000000,-0.106329083443
1346850000000,-0.102751374245
1346890000000,-0.101406693459
1346890000000,-0.0981040000916
1346940000000,-0.0955004692078
1346940000000,-0.0955839157104
1346980000000,-0.0940752029419
1346980000000,-0.092031955719
1347030000000,-0.0914722681046
1347030000000,-0.0846331119537
1347070000000,-0.0834208726883
1347070000000,-0.0809935331345
1347110000000,-0.0797902345657
1347110000000,-0.0783942937851
1347160000000,-0.076954126358
1347160000000,-0.0760287046432
1347200000000,-0.074263215065
1347200000000,-0.0715669393539
1347250000000,-0.0706579685211
1347250000000,-0.0680545568466
1347250000000,-0.0658574104309
1347290000000,-0.0639744997025
1347290000000,-0.0632245540619
1347300000000,-0.0618095397949
1347330000000,-0.0584139823914
1347370000000,-0.0569772720337
1347410000000,-0.0554260015488
1347410000000,-0.0533123016357
1347460000000,-0.0532435178757
1347460000000,-0.0514084100723
1347500000000,-0.0488090515137
1347510000000,-0.047368645668
1347550000000,-0.0451726913452
1347590000000,-0.0446126461029
1347600000000,-0.0430555343628
1347600000000,-0.0423123836517
1347640000000,-0.0409914255142
1347640000000,-0.0394226312637
1347690000000,-0.0378240346909
1347690000000,-0.0355149507523
1347730000000,-0.0353336334229
1347730000000,-0.0334069728851
1347780000000,-0.0324792861938
1347780000000,-0.0313237905502
1347820000000,-0.0315564870834
1347820000000,-0.0309312343597
1347860000000,-0.028270483017
1347860000000,-0.0277997255325
1347910000000,-0.0259925127029
1347910000000,-0.0249063968658
1347950000000,-0.0233095884323
1347950000000,-0.0212322473526
1348000000000,-0.0200225114822
1348000000000,-0.0194375514984
1348000000000,-0.0187575817108
1348040000000,-0.0181463956833
1348040000000,-0.0175967216492
1348050000000,-0.0165334939957
1348070000000,-0.0152348279953
1348120000000,-0.0136822462082
1348120000000,-0.0125945806503
1348160000000,-0.0119626522064
1348160000000,-0.010751247406
1348210000000,-0.0109076499939
1348210000000,-0.0103410482407
1348250000000,-0.00979006290436
1348250000000,-0.00881636142731
1348300000000,-0.00816762447357
1348300000000,-0.00571966171265
1348340000000,-0.00667715072632
1348340000000,-0.00409507751465
1348380000000,-0.00580513477325
1348390000000,-0.00447332859039
1348430000000,-0.00544476509094
1348470000000,-0.00504386425018
1348470000000,-0.00504493713379
1348520000000,-0.00393176078796
1348520000000,-0.00056004524231
1348560000000,-0.000743389129639
1348580000000,-0.000331163406372
1348620000000,-0.000349998474121
1348670000000,0.000746786594391
1348670000000,0.00159597396851
1348710000000,0.00182276964188
1348720000000,0.00171136856079
1348760000000,0.00281226634979
1348810000000,0.00307995080948
1348810000000,0.0045063495636
1348850000000,0.00479859113693
1348850000000,0.00553184747696
1348890000000,0.00425118207932
1348900000000,0.00522971153259
1348940000000,0.00453722476959
1348990000000,0.00505375862122
1348990000000,0.00566947460175
1349030000000,0.00597530603409
1349030000000,0.0063094496727
1349070000000,0.00744521617889
1349070000000,0.00732398033142
1349120000000,0.00811070203781
1349120000000,0.00888830423355
1349160000000,0.00902968645096
1349160000000,0.00971806049347
1349200000000,0.0095574259758
1349200000000,0.00878411531448
1349250000000,0.010093152523
1349260000000,0.0104590058327
1349300000000,0.0110229253769
1349350000000,0.0105285048485
1349350000000,0.0105660557747
1349390000000,0.0114188790321
1349410000000,0.0107507109642
1349450000000,0.0104741454124
1349490000000,0.0122346282005
1349490000000,0.0128000974655
1349540000000,0.0133504271507
1349550000000,0.0120465159416
1349590000000,0.0128249526024
1349630000000,0.0144730806351
1349680000000,0.0147652029991
1349680000000,0.0131945610046
1349730000000,0.0141423344612
1349730000000,0.0119777917862
1349770000000,0.0124866962433
1349770000000,0.0141215920448
1349770000000,0.0133984684944
1349810000000,0.0158494710922
1349810000000,0.0163896679878
1349830000000,0.0165670514107
1349850000000,0.0164713263512
1349900000000,0.0160685777664
1349940000000,0.0176851153374
1349940000000,0.0170621871948
1349980000000,0.0183939933777
1350000000000,0.0189790725708
1350030000000,0.0180319547653
1350080000000,0.0184381604195
1350080000000,0.0184005498886
1350120000000,0.0194011926651
1350120000000,0.0197172760963
1350170000000,0.0188024044037
1350170000000,0.020057618618
1350210000000,0.019755423069
1350220000000,0.0192295908928
1350260000000,0.0197668671608
1350300000000,0.0183167457581
1350300000000,0.0195034146309
1350350000000,0.0206487774849
1350350000000,0.0184289813042
1350400000000,0.0173384547234
1350400000000,0.0175165534019
1350440000000,0.0178481340408
1350440000000,0.0198677778244
1350490000000,0.0194009542465
1350490000000,0.0175221562386
1350540000000,0.0174790620804
1350540000000,0.016132414341
1350580000000,0.0171709060669
1350620000000,0.0173960924149
1350630000000,0.0188302397728
1350670000000,0.0167710185051
1350680000000,0.0164374113083
1350720000000,0.0156524777412
1350720000000,0.0151589512825
1350760000000,0.0158053040504
1350770000000,0.0156098604202
1350810000000,0.0156128406525
1350860000000,0.0152720212936
1350900000000,0.0153812766075
1350900000000,0.0156570672989
1350940000000,0.01481372118
1350950000000,0.0155008435249
1350990000000,0.0144942998886
1351030000000,0.0139119625092
1351030000000,0.0147867798805
1351080000000,0.0143173336983
1351080000000,0.0139936208725
1351130000000,0.0137011408806
1351130000000,0.0124260783195
1351170000000,0.0126644968987
1351220000000,0.0124523043633
1351220000000,0.0132663249969
1351270000000,0.0117034316063
1351270000000,0.0119417309761
1351310000000,0.0111355185509
1351360000000,0.0104985237122
1351360000000,0.00953489542007
1351400000000,0.0124325752258
1351400000000,0.0115171670914
1351450000000,0.0105435848236
1351450000000,0.0103242993355
1351490000000,0.0112245082855
1351490000000,0.00856947898865
1351530000000,0.00813615322113
1351530000000,0.00779622793198
1351580000000,0.00832766294479
1351590000000,0.00881189107895
1351630000000,0.00899225473404
1351670000000,0.00827026367188
1351720000000,0.00854426622391
1351720000000,0.00950586795807
1351760000000,0.00890028476715
1351770000000,0.00790756940842
1351810000000,0.00702953338623
1351850000000,0.0078307390213
1351850000000,0.00834482908249
1351900000000,0.00867968797684
1351900000000,0.00805705785751
1351950000000,0.00849050283432
1351950000000,0.00822061300278
1351990000000,0.00873589515686
1352010000000,0.0097399353981
1352050000000,0.00839221477509
1352100000000,0.00852560997009
1352100000000,0.00865107774734
1352140000000,0.00733441114426
1352140000000,0.00764083862305
1352180000000,0.00805699825287
1352190000000,0.00884264707565
1352230000000,0.00757294893265
1352270000000,0.00684487819672
1352320000000,0.00704479217529
1352320000000,0.0073037147522
1352360000000,0.00828284025192
1352360000000,0.00782442092896
1352400000000,0.00850802659988
1352420000000,0.0086435675621
1352460000000,0.00767171382904
1352510000000,0.00882267951965
1352550000000,0.00728034973145
1352550000000,0.00931310653687
1352600000000,0.00731831789017
1352600000000,0.0081570148468
1352650000000,0.0051521062851
1352690000000,0.00467574596405
1352690000000,0.00337219238281
1352740000000,0.0043141245842
1352740000000,0.0038161277771
1352780000000,0.00471663475037
1352790000000,0.00583291053772
1352830000000,0.0049741268158
1352870000000,0.00611954927444
1352870000000,0.00428092479706
1352920000000,0.00441616773605
1352930000000,0.00632452964783
1352980000000,0.00664913654327
1353020000000,0.00541776418686
1353030000000,0.00600951910019
1353070000000,0.00474828481674
1353080000000,0.00449818372726
1353120000000,0.00377768278122
1353170000000,0.00458127260208
1353210000000,0.00387537479401
1353210000000,0.00453984737396
1353260000000,0.00423580408096
1353260000000,0.00465488433838
1353300000000,0.0037796497345
1353350000000,0.00366425514221
1353350000000,0.00349920988083
1353390000000,0.00332587957382
1353390000000,0.00308001041412
1353430000000,0.00470334291458
1353440000000,0.00436335802078
1353480000000,0.00339013338089
1353520000000,0.00484180450439
1353520000000,0.00391012430191
1353570000000,0.00462377071381
1353570000000,0.00506973266602
1353610000000,0.00569754838943
1353660000000,0.00622534751892
1353700000000,0.00499987602234
1353700000000,0.00464916229248
1353750000000,0.00367516279221
1353750000000,0.0047572851181
1353790000000,0.0049199461937
1353830000000,0.00445365905762
1353880000000,0.00384163856506
1353880000000,0.00405871868134
1353920000000,0.00334823131561
1353930000000,0.00421226024628
1353970000000,0.0039439201355
1353970000000,0.0043511390686
1354010000000,0.00285845994949
1354060000000,0.00223255157471
1354060000000,0.00200760364532
1354100000000,0.0052952170372
1354110000000,0.00369811058044
1354150000000,0.00274389982224
1354190000000,0.00404059886932
1354190000000,0.0036728978157
1354240000000,0.00374269485474
1354240000000,0.00399678945541
1354280000000,0.00481897592545
1354280000000,0.00543338060379
1354320000000,0.00526064634323
1354340000000,0.00476801395416
1354380000000,0.0041943192482
1354430000000,0.00479537248611
1354430000000,0.00420320034027
1354470000000,0.00601869821548
1354490000000,0.00526392459869
1354530000000,0.00480800867081
1354570000000,0.00609296560287
1354570000000,0.00696039199829
1354620000000,0.00711727142334
1354620000000,0.00782132148743
1354660000000,0.00633889436722
1354670000000,0.00578594207764
1354710000000,0.00491583347321
1354760000000,0.00620609521866
1354760000000,0.0066614151001
1354800000000,0.0076516866684
1354810000000,0.00712883472443
1354850000000,0.00697863101959
1354890000000,0.00800204277039
1354940000000,0.00709944963455
1354940000000,0.00713497400284
1354980000000,0.00612396001816
1354980000000,0.00551557540894
1355020000000,0.00578200817108
1355040000000,0.00686204433441
1355080000000,0.00642561912537
1355130000000,0.00623911619186
1355130000000,0.00495880842209
1355170000000,0.00584834814072
1355170000000,0.00622510910034
1355220000000,0.00684666633606
1355220000000,0.00701022148132
1355260000000,0.0069939494133
1355270000000,0.00663501024246
1355310000000,0.00617635250092
1355360000000,0.00599867105484
1355360000000,0.0064285993576
1355400000000,0.00655859708786
1355410000000,0.00611299276352
1355450000000,0.00606918334961
1355500000000,0.00762033462524
1355500000000,0.00652259588242
1355540000000,0.00713789463043
1355540000000,0.00661665201187
1355590000000,0.00749492645264
1355590000000,0.00793081521988
1355630000000,0.00747895240784
1355670000000,0.00796002149582
1355670000000,0.00693714618683
1355680000000,0.00872266292572
1355720000000,0.00771176815033
1355720000000,0.00778377056122
1355760000000,0.00867146253586
1355810000000,0.00663506984711
1355810000000,0.0067275762558
1355850000000,0.00588196516037
1355850000000,0.00608366727829
1355900000000,0.00531649589539
1355900000000,0.00578206777573
1355940000000,0.00480705499649
1355940000000,0.00569814443588
1355990000000,0.00401341915131
1356000000000,0.00465452671051
1356040000000,0.00334686040878
1356090000000,0.00314652919769
1356090000000,0.00260519981384
1356130000000,0.00261288881302
1356140000000,0.00275230407715
1356180000000,0.00221359729767
1356220000000,0.00307148694992
1356230000000,0.00205010175705
1356270000000,0.00249052047729
1356280000000,0.00393825769424
1356320000000,0.00376689434052
1356360000000,0.00149267911911
1356360000000,0.00234365463257
1356400000000,0.00328254699707
1356410000000,0.00190299749374
1356450000000,0.00180560350418
1356500000000,0.00073778629303
1356540000000,0.00155299901962
1356540000000,0.00119382143021
1356580000000,0.00208652019501
1356590000000,0.00171029567719
1356630000000,0.00225102901459
1356630000000,0.00320392847061
1356670000000,0.00230318307877
1356670000000,0.0018031001091
1356720000000,0.00139087438583
1356760000000,0.00115585327148
1356810000000,0.00256818532944
1356810000000,0.00225210189819
1356860000000,0.00117576122284
1356860000000,0.00224620103836
1356910000000,0.00153213739395
1356910000000,0.00204813480377
1356950000000,0.00149577856064
1356960000000,0.00174880027771
1357000000000,0.000540316104889
1357000000000,0.000627517700195
1357040000000,0.000162363052368
1357040000000,3.8743019104e-06
1357090000000,0.000260233879089
1357090000000,0.000667452812195
1357130000000,0.000506043434143
1357130000000,-0.000244736671448
1357170000000,0.000237762928009
1357180000000,0.00134873390198
1357220000000,0.000159919261932
1357270000000,-0.00126016139984
1357270000000,-0.000428199768066
1357310000000,-0.00107944011688
1357310000000,-0.000329494476318
1357360000000,-0.00066077709198
1357360000000,-0.00217270851135
1357400000000,-0.00217926502228
1357400000000,-0.00257122516632
1357450000000,-0.00132536888123
1357490000000,-0.00163781642914
1357490000000,-0.00143992900848
1357530000000,-0.00148510932922
1357530000000,-0.00218057632446
1357530000000,-0.00191533565521
1357580000000,-0.00237417221069
1357580000000,-0.00249254703522
1357620000000,-0.00319921970367
1357670000000,-0.00232565402985
1357670000000,-0.00312197208405
1357710000000,-0.00160598754883
1357730000000,-0.00257766246796
1357770000000,-0.00180923938751
1357820000000,-0.00325703620911
1357820000000,-0.00159704685211
1357860000000,-0.00261056423187
1357860000000,-0.00233399868011
1357910000000,-0.00285279750824
1357910000000,-0.00311315059662
1357950000000,-0.00543975830078
1357950000000,-0.00502300262451
1357990000000,-0.00447118282318
1357990000000,-0.00455117225647
1358040000000,-0.00534570217133
1358040000000,-0.00436043739319
1358040000000,-0.00525748729706
1358080000000,-0.00515151023865
1358080000000,-0.00490653514862
1358090000000,-0.00489735603333
1358110000000,-0.00405251979828
1358160000000,-0.00434696674347
1358160000000,-0.00481903553009
1358200000000,-0.00603127479553
1358210000000,-0.00641572475433
1358250000000,-0.0061970949173
1358300000000,-0.00512897968292
1358300000000,-0.00470089912415
1358340000000,-0.00532233715057
1358340000000,-0.00578486919403
1358390000000,-0.00607573986053
1358390000000,-0.00624692440033
1358430000000,-0.00424039363861
1358440000000,-0.00619578361511
1358480000000,-0.00616240501404
1358520000000,-0.00516486167908
1358520000000,-0.00464618206024
1358560000000,-0.00386762619019
1358560000000,-0.00505197048187
1358610000000,-0.00566899776459
1358610000000,-0.00471174716949
1358660000000,-0.00522005558014
1358660000000,-0.00415468215942
1358700000000,-0.00469517707825
1358710000000,-0.00561535358429
1358760000000,-0.00561594963074
1358760000000,-0.00582611560822
1358810000000,-0.00489521026611
1358810000000,-0.00457942485809
1358860000000,-0.00474858283997
1358860000000,-0.00425815582275
1358900000000,-0.00410759449005
1358900000000,-0.00546622276306
1358950000000,-0.00472962856293
1358950000000,-0.00376868247986
1358990000000,-0.00520920753479
1358990000000,-0.00509524345398
1359040000000,-0.00454688072205
1359040000000,-0.0043249130249
1359080000000,-0.00843250751495
1359080000000,-0.011870265007
1359130000000,-0.0141485929489
1359140000000,-0.0185964107513
1359180000000,-0.0226590633392
1359220000000,-0.0253469944
1359220000000,-0.0298426151276
1359270000000,-0.0336045026779
1359270000000,-0.0350147485733
1359310000000,-0.0381717681885
1359310000000,-0.0417988300323
1359310000000,-0.0469582080841
1359360000000,-0.0525879859924
1359360000000,-0.0554805994034
1359370000000,-0.0615001916885
1359390000000,-0.0653699636459
1359440000000,-0.0736004114151
1359440000000,-0.0790195465088
1359480000000,-0.0826127529144
1359480000000,-0.0896314382553
1359530000000,-0.0951012372971
1359530000000,-0.103292584419
1359570000000,-0.110476851463
1359570000000,-0.112939357758
1359610000000,-0.119968771935
1359610000000,-0.122164607048
1359610000000,-0.130997419357
1359660000000,-0.134683251381
1359660000000,-0.14358830452
1359670000000,-0.151956439018
1359690000000,-0.157961606979
1359740000000,-0.166164040565
1359740000000,-0.16950905323
1359780000000,-0.178416967392
1359780000000,-0.18534386158
1359820000000,-0.191930294037
1359820000000,-0.196426749229
1359870000000,-0.201312541962
1359870000000,-0.204890489578
1359910000000,-0.20994246006
1359910000000,-0.214736819267
1359910000000,-0.218935370445
1359950000000,-0.224197626114
1359950000000,-0.228056073189
1359970000000,-0.234082937241
1359990000000,-0.238152980804
1360040000000,-0.245411276817
1360040000000,-0.247732400894
1360080000000,-0.254310488701
1360080000000,-0.262875199318
1360130000000,-0.266955375671
1360130000000,-0.272791743279
1360170000000,-0.278831720352
1360170000000,-0.282104492188
1360210000000,-0.286139369011
1360210000000,-0.2936835289
1360260000000,-0.300554513931
1360260000000,-0.307694792747
1360310000000,-0.310616970062
1360310000000,-0.31638777256
1360350000000,-0.322054624557
1360350000000,-0.324797391891
1360350000000,-0.328852653503
1360400000000,-0.33149766922
1360410000000,-0.339284539223
1360450000000,-0.344859957695
1360490000000,-0.34976708889
1360490000000,-0.350257992744
1360530000000,-0.352380752563
1360530000000,-0.356405615807
1360580000000,-0.360236287117
1360580000000,-0.367057085037
1360630000000,-0.367827057838
1360630000000,-0.369892597198
1360670000000,-0.369815349579
1360670000000,-0.370535731316
1360710000000,-0.375223278999
1360720000000,-0.376926779747
1360760000000,-0.37880563736
1360800000000,-0.376771092415
1360850000000,-0.380232453346
1360850000000,-0.381098866463
1360900000000,-0.386294484138
1360900000000,-0.388815283775
1360940000000,-0.387482762337
1360940000000,-0.39170062542
1360980000000,-0.390203118324
1361030000000,-0.392103433609
1361070000000,-0.39271068573
1361070000000,-0.39889216423
1361120000000,-0.400442123413
1361120000000,-0.401203870773
1361170000000,-0.400229692459
1361170000000,-0.401589751244
1361210000000,-0.402818202972
1361220000000,-0.403319239616
1361260000000,-0.404372215271
1361310000000,-0.407114028931
1361350000000,-0.41174185276
1361350000000,-0.413402318954
1361400000000,-0.415931224823
1361400000000,-0.416200518608
1361440000000,-0.41861641407
1361450000000,-0.422684073448
1361500000000,-0.42634499073
1361530000000,-0.429353237152
1361580000000,-0.433114051819
1361580000000,-0.43689930439
1361620000000,-0.438537240028
1361640000000,-0.441399335861
1361690000000,-0.444729208946
1361730000000,-0.4506752491
1361730000000,-0.452148675919
1361780000000,-0.456763267517
1361790000000,-0.460108399391
1361830000000,-0.464578986168
1361870000000,-0.467611074448
1361870000000,-0.474164009094
1361920000000,-0.476365566254
1361920000000,-0.477105736732
1361960000000,-0.480012774467
1361970000000,-0.484946370125
1362010000000,-0.487292289734
1362060000000,-0.490659356117
1362100000000,-0.496717453003
1362100000000,-0.498764634132
1362150000000,-0.503054141998
1362150000000,-0.50560605526
1362190000000,-0.509739041328
1362200000000,-0.51450920105
1362240000000,-0.519371390343
1362290000000,-0.5209608078
1362330000000,-0.524557948112
1362330000000,-0.526077270508
1362370000000,-0.525982141495
1362380000000,-0.525629162788
1362420000000,-0.527183890343
1362470000000,-0.527127742767
1362510000000,-0.525398015976
1362510000000,-0.523997664452
1362550000000,-0.522129774094
1362560000000,-0.518163442612
1362600000000,-0.515598773956
1362650000000,-0.512598395348
1362650000000,-0.507447004318
1362690000000,-0.502946019173
1362700000000,-0.496999025345
1362740000000,-0.49201965332
1362790000000,-0.486192464828
1362830000000,-0.480677127838
1362830000000,-0.47510266304
1362880000000,-0.465859413147
1362910000000,-0.460039138794
1362950000000,-0.451381921768
1362990000000,-0.445577979088
1362990000000,-0.440307974815
1363040000000,-0.433338284492
1363050000000,-0.427843332291
1363090000000,-0.42068696022
1363140000000,-0.413519620895
1363180000000,-0.407680153847
1363180000000,-0.401064276695
1363230000000,-0.395246863365
1363230000000,-0.388765215874
1363270000000,-0.382582068443
1363310000000,-0.376673936844
1363360000000,-0.36975300312
1363360000000,-0.36318564415
1363400000000,-0.35637140274
1363410000000,-0.350981473923
1363460000000,-0.344682455063
1363500000000,-0.338332772255
1363540000000,-0.331104755402
1363540000000,-0.324293732643
1363590000000,-0.317720174789
1363590000000,-0.312368273735
1363630000000,-0.307537913322
1363680000000,-0.299497723579
1363720000000,-0.295321345329
1363770000000,-0.286455750465
1363770000000,-0.281607270241
1363810000000,-0.2754342556
1363820000000,-0.269634008408
1363860000000,-0.26112818718
1363900000000,-0.25556075573
1363950000000,-0.250543117523
1363950000000,-0.245180010796
1363990000000,-0.24011528492
1363990000000,-0.236567378044
1364040000000,-0.23248231411
1364080000000,-0.227102518082
1364130000000,-0.221499323845
1364130000000,-0.215828061104
1364170000000,-0.211109519005
1364170000000,-0.204880237579
1364210000000,-0.200169086456
1364260000000,-0.194566130638
1364300000000,-0.191036939621
1364300000000,-0.18682551384
1364350000000,-0.182405471802
1364350000000,-0.175551652908
1364390000000,-0.171032071114
1364440000000,-0.167462229729
1364480000000,-0.164614200592
1364480000000,-0.158605575562
1364530000000,-0.156385421753
1364530000000,-0.152259707451
1364570000000,-0.147563934326
1364620000000,-0.14403128624
1364620000000,-0.140254974365
1364670000000,-0.13677072525
1364680000000,-0.133762001991
1364720000000,-0.130541205406
1364770000000,-0.125523805618
1364810000000,-0.121881365776
1364810000000,-0.116027951241
1364860000000,-0.112788081169
1364860000000,-0.109855055809
1364900000000,-0.106003046036
1364950000000,-0.103541374207
1365000000000,-0.100477099419
1365000000000,-0.0976694822311
1365040000000,-0.092725276947
1365050000000,-0.0889352560043
1365100000000,-0.0851123332977
1365140000000,-0.0819224119186
1365190000000,-0.0785888433456
1365190000000,-0.075788974762
1365230000000,-0.0730268955231
1365230000000,-0.0707720518112
1365270000000,-0.0669753551483
1365320000000,-0.0639362335205
1365360000000,-0.0602324008942
1365360000000,-0.0571639537811
1365410000000,-0.055428147316
1365420000000,-0.0518519878387
1365470000000,-0.0498777627945
1365510000000,-0.0467740297318
1365510000000,-0.0433390140533
1365550000000,-0.0420988798141
1365560000000,-0.0402331352234
1365600000000,-0.0370583534241
1365650000000,-0.034907579422
1365690000000,-0.0328568220139
1365690000000,-0.0304214954376
1365740000000,-0.0284827947617
1365750000000,-0.0262953042984
1365790000000,-0.0223920345306
1365840000000,-0.0199776887894
1365880000000,-0.0173836946487
1365880000000,-0.0164021253586
1365930000000,-0.014395236969
1365950000000,-0.0133670568466
1365990000000,-0.0107325315475
1366040000000,-0.00960373878479
1366040000000,-0.00825989246368
1366080000000,-0.00584042072296
1366110000000,-0.00343418121338
1366150000000,-0.000867366790771
1366190000000,0.00227481126785
1366240000000,0.00444424152374
1366280000000,0.00619322061539
1366330000000,0.00725197792053
1366330000000,0.0084285736084
1366370000000,0.0104667544365
1366380000000,0.0119396448135
1366420000000,0.0136454701424
1366470000000,0.0148469209671
1366510000000,0.016384601593
1366550000000,0.0184361338615
1366550000000,0.0207571387291
1366600000000,0.0222311615944
1366620000000,0.0244151353836
1366670000000,0.0263412594795
1366710000000,0.0268228650093
1366760000000,0.0279710292816
1366760000000,0.029517531395
1366800000000,0.0310264229774
1366800000000,0.0322266817093
1366840000000,0.0332825183868
1366890000000,0.035789847374
1366930000000,0.0380465984344
1366930000000,0.0382959246635
1366970000000,0.0390988588333
1366990000000,0.0392746925354
1367040000000,0.0391597747803
1367080000000,0.0410004854202
1367130000000,0.041991353035
1367170000000,0.0445089936256
1367220000000,0.043686747551
1367220000000,0.0473541617393
1367260000000,0.0458361506462
1367280000000,0.0471377968788
1367320000000,0.0462190508842
1367360000000,0.0466886162758
1367410000000,0.0436905026436
1367410000000,0.0451832413673
1367460000000,0.0448088049889
1367480000000,0.0446648597717
1367520000000,0.0440617203712
1367560000000,0.045637011528
1367560000000,0.0437975525856
1367610000000,0.0437041521072
1367620000000,0.0444419980049
1367670000000,0.0456928610802
1367710000000,0.0457988381386
1367760000000,0.045761346817
1367760000000,0.0453326702118
1367800000000,0.0444229841232
1367800000000,0.0443486571312
1367840000000,0.0436489582062
1367890000000,0.0447545051575
1367940000000,0.044097661972
1367940000000,0.0453934669495
1367980000000,0.0440490245819
1367980000000,0.0430035591125
1368020000000,0.0442413687706
1368070000000,0.0432459115982
1368120000000,0.0427570343018
1368120000000,0.0430081486702
1368160000000,0.0429769158363
1368160000000,0.0425407886505
1368200000000,0.0427308678627
1368240000000,0.0409553050995
1368290000000,0.0430408716202
1368290000000,0.0401523709297
1368330000000,0.0403433442116
1368340000000,0.0414428114891
1368380000000,0.0412203073502
1368420000000,0.0407918691635
1368470000000,0.0401541590691
1368470000000,0.0387597680092
1368500000000,0.0391012430191
1368550000000,0.0384588241577
1368600000000,0.0397312045097
1368630000000,0.0379883050919
1368670000000,0.0375027656555
1368720000000,0.0376455187798
1368760000000,0.0372111797333
1368810000000,0.0355770587921
1368850000000,0.035361289978
1368850000000,0.0364835262299
1368900000000,0.0350489020348
1368910000000,0.0349962115288
1368960000000,0.0345157384872
1369000000000,0.0336300134659
1369050000000,0.033159673214
1369090000000,0.0333452820778
1369090000000,0.0323600769043
1369140000000,0.0318354964256
1369160000000,0.0307834148407
1369210000000,0.0316252708435
1369250000000,0.0313230156898
1369290000000,0.0302404761314
1369340000000,0.0290492773056
1369380000000,0.0286650061607
1369430000000,0.0286777019501
1369430000000,0.0278918743134
1369470000000,0.0268008708954
1369470000000,0.0258835554123
1369520000000,0.0256164669991
1369560000000,0.0255990624428
1369600000000,0.0242004394531
1369650000000,0.024406850338
1369650000000,0.0241907835007
1369690000000,0.0256671309471
1369700000000,0.0235993862152
1369740000000,0.0227448940277
1369790000000,0.022653400898
1369830000000,0.0232041478157
1369830000000,0.0229445099831
1369870000000,0.0211452245712
1369900000000,0.020622253418
1369940000000,0.0212444663048
1369990000000,0.0198686718941
1370040000000,0.0186796784401
1370080000000,0.016823887825
1370130000000,0.0126131772995
1370130000000,0.00836312770844
1370170000000,0.00325375795364
1370200000000,0.00362056493759
1370250000000,0.00498181581497
1370290000000,0.00571924448013
1370340000000,0.00645393133163
1370390000000,0.00665616989136
1370430000000,0.00564646720886
1370480000000,0.00676673650742
1370480000000,0.00634545087814
1370520000000,0.00637495517731
1370540000000,0.00736939907074
1370580000000,0.00803005695343
1370620000000,0.00868201255798
1370620000000,0.00672394037247
1370670000000,0.00612193346024
1370670000000,0.00653356313705
1370710000000,0.00848484039307
1370750000000,0.00759536027908
1370800000000,0.00689572095871
1370800000000,0.00702428817749
1370840000000,0.00708347558975
1370860000000,0.00595074892044
1370900000000,0.00793123245239
1370940000000,0.00704574584961
1370990000000,0.00741177797318
1370990000000,0.00632780790329
1371030000000,0.00685238838196
1371040000000,0.00695484876633
1371080000000,0.00775021314621
1371130000000,0.00686913728714
1371180000000,0.00663721561432
1371180000000,0.00649917125702
1371220000000,0.00625038146973
1371230000000,0.00702822208405
1371270000000,0.00778537988663
1371310000000,0.00702774524689
1371360000000,0.0065643787384
1371410000000,0.00577467679977
1371450000000,0.00597023963928
1371490000000,0.00769120454788
1371490000000,0.00650143623352
1371540000000,0.00736612081528
1371540000000,0.00668358802795
1371590000000,0.00757092237473
1371630000000,0.00679558515549
1371670000000,0.00598448514938
1371670000000,0.00684988498688
1371720000000,0.00540471076965
1371730000000,0.00591623783112
1371770000000,0.00594526529312
1371810000000,0.00603687763214
1371860000000,0.00561594963074
1371910000000,0.00517469644547
1371910000000,0.0056055188179
1371950000000,0.00438112020493
1371960000000,0.00575685501099
1372010000000,0.00452369451523
1372050000000,0.00512588024139
1372050000000,0.00473517179489
1372090000000,0.00409144163132
1372120000000,0.0041372179985
1372160000000,0.00358498096466
1372200000000,0.00386828184128
1372250000000,0.00421273708344
1372290000000,0.00409507751465
1372330000000,0.00269734859467
1372330000000,0.00278240442276
1372380000000,0.0029000043869
1372390000000,0.00211369991302
1372440000000,0.00295060873032
1372480000000,0.00294423103333
1372520000000,0.00223827362061
1372520000000,0.001200735569
1372570000000,0.00119948387146
1372600000000,0.001704454422
1372640000000,0.00235390663147
1372680000000,0.00135093927383
1372730000000,0.00185626745224
1372770000000,0.00131887197495
1372810000000,0.00121170282364
1372860000000,0.000954985618591
1372900000000,0.00136423110962
1372950000000,0.000820100307465
1372950000000,0.00118470191956
1372990000000,0.000827789306641
1373000000000,-0.000465273857117
1373040000000,-0.000511646270752
1373080000000,0.000696241855621
1373130000000,-0.000682592391968
1373130000000,-0.000141739845276
1373170000000,0.000224471092224
1373190000000,-0.000303626060486
1373230000000,-0.000777840614319
1373280000000,-0.000687718391418
1373330000000,-0.000100612640381
1373330000000,0.000174105167389
1373370000000,-5.82933425903e-05
1373370000000,0.000116467475891
1373410000000,-0.000964164733887
1373460000000,-4.99486923218e-05
1373500000000,-0.000818014144897
1373550000000,-0.00049364566803
1373590000000,-0.0016872882843
1373630000000,-0.00148129463196
1373680000000,-0.00107908248901
1373720000000,-0.00275993347168
1373770000000,-0.00153231620789
1373770000000,-0.00235056877136
1373810000000,-0.00167214870453
1373830000000,-0.00202739238739
1373880000000,-0.00326716899872
1373920000000,-0.00256299972534
1373960000000,-0.00327181816101
1373960000000,-0.0031703710556
1374010000000,-0.00254905223846
1374010000000,-0.00308275222778
1374050000000,-0.00132203102112
1374100000000,-0.00180780887604
1374150000000,-0.002769947052
1374150000000,-0.00223398208618
1374190000000,-0.00138330459595
1374210000000,-0.00168991088867
1374250000000,-0.00267159938812
1374300000000,-0.00229871273041
1374340000000,-0.00153434276581
1374380000000,-0.00262415409088
1374380000000,-0.00159335136414
1374430000000,-0.00085175037384
1374460000000,-0.00294899940491
1374500000000,-0.00285172462463
1374550000000,-0.00182104110718
1374590000000,-0.00179922580719
1374640000000,-0.00138914585114
1374680000000,-0.00247633457184
1374680000000,-0.00185894966125
1374720000000,-0.00214993953705
1374740000000,-0.00288808345795
1374780000000,-0.00252711772919
1374830000000,-0.00239288806915
1374870000000,-0.00288426876068
1374920000000,-0.00356006622314
1374960000000,-0.00178480148315
1374960000000,-0.0024585723877
1375000000000,-0.00388848781586
1375010000000,-0.0034339427948
1375050000000,-0.0030562877655
1375090000000,-0.00332415103912
1375140000000,-0.00434243679047
1375190000000,-0.00306022167206
1375230000000,-0.00281381607056
1375270000000,-0.00348889827728
1375270000000,-0.0039519071579
1375320000000,-0.00463581085205
1375330000000,-0.00352656841278
1375380000000,-0.00367724895477
1375420000000,-0.00331437587738
1375420000000,-0.00402855873108
1375470000000,-0.0035492181778
1375480000000,-0.0037032365799
1375520000000,-0.003253698349
1375570000000,-0.00310909748077
1375620000000,-0.00441861152649
1375660000000,-0.00356495380402
1375710000000,-0.00355708599091
1375710000000,-0.00310516357422
1375750000000,-0.00385165214539
1375780000000,-0.00374722480774
1375820000000,-0.00372660160065
1375860000000,-0.00313830375671
1375900000000,-0.0028373003006
1375950000000,-0.00386071205139
1375950000000,-0.00298774242401
1375990000000,-0.00371718406677
1376010000000,-0.00278151035309
1376060000000,-0.00366866588593
1376100000000,-0.00328481197357
1376150000000,-0.00281131267548
1376150000000,-0.00179588794708
1376190000000,-0.00320374965668
1376190000000,-0.00437664985657
1376240000000,-0.00306761264801
1376260000000,-0.00399804115295
1376300000000,-0.0023341178894
1376340000000,-0.0031144618988
1376390000000,-0.00284481048584
1376430000000,-0.00366652011871
1376480000000,-0.00354850292206
1376480000000,-0.00412964820862
1376530000000,-0.00466024875641
1376530000000,-0.00411713123322
1376570000000,-0.00406062602997
1376620000000,-0.00434589385986
1376660000000,-0.00335383415222
1376710000000,-0.00366544723511
1376750000000,-0.00343585014343
1376800000000,-0.00450491905212
1376800000000,-0.00439965724945
1376840000000,-0.00505232810974
1376850000000,-0.00442230701447
1376890000000,-0.00368714332581
1376930000000,-0.00391721725464
1376980000000,-0.00470745563507
1376980000000,-0.00424253940582
1377020000000,-0.00348329544067
1377050000000,-0.00402319431305
1377090000000,-0.00238692760468
1377140000000,-0.00339996814728
1377180000000,-0.00428867340088
1377230000000,-0.003950715065
1377230000000,-0.00382363796234
1377270000000,-0.00462090969086
1377300000000,-0.00433540344238
1377350000000,-0.00304102897644
1377400000000,-0.00344812870026
1377400000000,-0.00411784648895
1377440000000,-0.00474953651428
1377450000000,-0.0035856962204
1377490000000,-0.00494241714478
1377530000000,-0.00523686408997
1377580000000,-0.00516664981842
1377580000000,-0.00478279590607
1377630000000,-0.00443875789642
1377640000000,-0.00506925582886
1377680000000,-0.00512599945068
1377730000000,-0.00416457653046
1377770000000,-0.00526857376099
1377820000000,-0.00593829154968
1377820000000,-0.00472056865692
1377860000000,-0.00414621829987
1377870000000,-0.00498378276825
1377910000000,-0.00401723384857
1377950000000,-0.00449562072754
1378000000000,-0.00504660606384
1378000000000,-0.0054851770401
1378040000000,-0.0050722360611
1378060000000,-0.00502252578735
1378100000000,-0.00499606132507
1378140000000,-0.00415396690369
1378190000000,-0.00516831874847
1378230000000,-0.0051600933075
1378270000000,-0.00522613525391
1378280000000,-0.00459611415863
1378320000000,-0.00568819046021
1378320000000,-0.00588417053223
1378360000000,-0.00449359416962
1378390000000,-0.00430965423584
1378430000000,-0.00445020198822
1378470000000,-0.00509691238403
1378510000000,-0.00419676303864
1378560000000,-0.00479888916016
1378600000000,-0.00533974170685
1378650000000,-0.00501132011414
1378650000000,-0.00422966480255
1378700000000,-0.00379359722137
1378700000000,-0.0047367811203
1378740000000,-0.00534021854401
1378790000000,-0.00519609451294
1378790000000,-0.00455510616302
1378840000000,-0.00399398803711
1378860000000,-0.00447905063629
1378910000000,-0.0050014257431
1378950000000,-0.00454711914062
1378990000000,-0.00406992435455
1379040000000,-0.00387442111969
1379080000000,-0.00418519973755
1379130000000,-0.0039998292923
1379180000000,-0.00351750850677
1379220000000,-0.00354552268982
1379260000000,-0.00387156009674
1379310000000,-0.00469696521759
1379310000000,-0.00333964824677
1379350000000,-0.0033768415451
1379380000000,-0.0037260055542
1379420000000,-0.0027791261673
1379460000000,-0.00293660163879
1379520000000,-0.00370466709137
1379560000000,-0.00354647636414
1379560000000,-0.0027722120285
1379600000000,-0.0029091835022
1379630000000,-0.00295197963715
1379680000000,-0.00279879570007
1379720000000,-0.00285232067108
1379770000000,-0.00278389453888
1379770000000,-0.00201606750488
1379810000000,-0.00229954719543
1379830000000,-0.0022999048233
1379870000000,-0.000950574874878
1379910000000,-0.00162386894226
1379960000000,-0.00109970569611
1380000000000,-0.0014636516571
1380050000000,-2.69412994385e-05
1380100000000,-0.0010803937912
1380100000000,-0.00158953666687
1380140000000,-0.000797510147095
1380170000000,0.00052809715271
1380210000000,-0.000673294067383
1380260000000,-0.000692844390869
1380300000000,5.47170639038e-05
1380340000000,0.000471949577332
1380340000000,-0.000524759292603
1380390000000,0.00112980604172
1380390000000,-0.000166058540344
1380430000000,-4.91142272949e-05
1380480000000,0.000111639499664
1380520000000,0.00109535455704
1380520000000,0.00123012065887
1380560000000,0.000416994094849
1380570000000,0.000479638576508
1380610000000,0.000808358192444
1380660000000,0.000365495681763
1380700000000,0.000924110412598
1380700000000,0.000454187393188
1380750000000,0.00102132558823
1380750000000,0.00151735544205
1380800000000,0.00162523984909
1380840000000,0.00166475772858
1380890000000,0.000361382961273
1380940000000,0.000585675239563
1380940000000,0.00250941514969
1380980000000,0.000415503978729
1380980000000,0.00219088792801
1381030000000,0.00190812349319
1381070000000,0.00179463624954
1381070000000,0.00175362825394
1381120000000,0.00168973207474
1381150000000,0.00195002555847
1381190000000,0.000425577163696
1381240000000,0.00172477960587
1381290000000,0.00123161077499
1381330000000,0.000769019126892
1381330000000,0.000787496566772
1381380000000,0.000641465187073
1381400000000,0.000415325164795
1381440000000,0.00133711099625
1381490000000,0.0014768242836
1381530000000,0.00116086006165
1381580000000,0.00110495090485
1381580000000,-2.09808349609e-05
1381620000000,0.000974595546722
1381630000000,0.000676035881042
1381670000000,0.00133550167084
1381720000000,0.00224924087524
1381760000000,0.00135743618011
1381760000000,0.00103545188904
1381800000000,0.001669049263
1381820000000,0.000656723976135
1381870000000,0.000802040100098
1381910000000,0.00114119052887
1381910000000,0.000938236713409
1381950000000,0.000885188579559
1381970000000,0.000961124897003
1382020000000,0.00122594833374
1382060000000,0.00106900930405
1382100000000,0.000399470329285
1382100000000,0.00157910585403
1382150000000,0.00113701820374
1382150000000,0.00137704610825
1382200000000,0.000768542289734
1382240000000,0.00122553110123
1382290000000,0.00180017948151
1382290000000,0.000744521617889
1382330000000,0.00149446725845
1382330000000,0.000724315643311
1382380000000,0.000955581665039
1382420000000,0.0011391043663
1382460000000,0.00150668621063
1382460000000,0.000592827796936
1382510000000,0.000605404376984
1382510000000,0.000592410564423
1382550000000,0.00121682882309
1382560000000,0.000161051750183
1382600000000,0.000143706798553
1382650000000,0.00100445747375
1382690000000,0.00158381462097
1382740000000,0.000967919826508
1382740000000,0.00128674507141
1382780000000,0.00138181447983
1382790000000,0.000559747219086
1382830000000,0.00091141462326
1382880000000,0.00141030550003
1382920000000,0.000723898410797
1382920000000,0.000270485877991
1382960000000,0.000113844871521
1382970000000,9.41753387451e-06
1383010000000,0.00127428770065
1383050000000,0.000910580158234
1383090000000,-0.000125646591187
1383090000000,0.000505805015564
1383140000000,-0.000144481658936
1383140000000,6.61611557007e-05
1383190000000,0.000147640705109
1383230000000,0.00106292963028
1383270000000,8.97645950317e-05
1383320000000,0.000263094902039
1383360000000,-0.000440001487732
1383360000000,-0.000732421875
1383410000000,-0.00092601776123
1383410000000,-0.00106632709503
1383460000000,-0.00101757049561
1383480000000,-0.000542521476746
1383520000000,5.68628311157e-05
1383560000000,-0.00094199180603
1383610000000,-0.00108695030212
1383610000000,-0.000746488571167
1383650000000,-0.0016223192215
1383660000000,-0.00182163715363
1383700000000,-0.00177502632141
1383750000000,-0.00227653980255
1383790000000,-0.00243663787842
1383790000000,-0.00182926654816
1383840000000,-0.00232982635498
1383840000000,-0.0024082660675
1383880000000,-0.0023341178894
1383930000000,-0.00290441513062
1383930000000,-0.00323176383972
1383980000000,-0.0033472776413
1383990000000,-0.00319480895996
1384030000000,-0.00305438041687
1384080000000,-0.00325071811676
1384120000000,-0.00224626064301
1384160000000,-0.00331711769104
1384210000000,-0.00266289710999
1384250000000,-0.00440502166748
1384250000000,-0.00459516048431
1384300000000,-0.00318551063538
1384310000000,-0.00462925434113
1384350000000,-0.00362539291382
1384400000000,-0.00416314601898
1384450000000,-0.00429046154022
1384490000000,-0.00479447841644
1384530000000,-0.00408339500427
1384530000000,-0.00423347949982
1384580000000,-0.00464749336243
1384600000000,-0.00466895103455
1384640000000,-0.00515055656433
1384690000000,-0.00478208065033
1384730000000,-0.0047572851181
1384780000000,-0.00308620929718
1384780000000,-0.00447976589203
1384820000000,-0.00413155555725
1384830000000,-0.0039746761322
1384870000000,-0.00410294532776
1384920000000,-0.00274205207825
1384960000000,-0.000641822814941
1384960000000,-0.000418782234192
1385010000000,0.00122314691544
1385010000000,0.00042337179184
1385050000000,8.02278518677e-05
1385100000000,-0.000602245330811
1385140000000,0.00118112564087
1385140000000,0.00029057264328
1385180000000,-0.000246286392212
1385190000000,0.00210636854172
1385230000000,0.00110387802124
1385280000000,0.0012474656105
1385320000000,0.000667691230774
1385320000000,0.00181365013123
1385370000000,0.000919759273529
1385370000000,-3.96966934204e-05
1385410000000,0.00032240152359
1385460000000,0.000944793224335
1385500000000,0.000436425209045
1385500000000,0.000536024570465
1385540000000,0.000205218791962
1385550000000,-0.000225782394409
1385590000000,0.00054919719696
1385630000000,0.000203251838684
1385680000000,-0.000320672988892
1385680000000,0.000505983829498
1385720000000,0.000185489654541
1385730000000,0.000978469848633
1385770000000,0.000929176807404
1385820000000,0.000967979431152
1385860000000,0.000349402427673
1385860000000,-1.32322311401e-05
1385900000000,4.1127204895e-06
1385910000000,0.00100684165955
1385960000000,0.000659167766571
1386000000000,7.61151313782e-05
1386050000000,-0.000430703163147
1386050000000,1.51395797729e-05
1386090000000,-0.000224947929382
1386110000000,6.25848770142e-05
1386160000000,-0.000996470451355
1386210000000,-0.00167632102966
1386210000000,-0.000720620155334
1386250000000,-0.00127255916595
1386260000000,1.44839286804e-05
1386310000000,-0.00158834457397
1386350000000,-0.00111436843872
1386390000000,-0.00163447856903
1386400000000,-0.00157392024994
1386440000000,-0.0017637014389
1386460000000,-0.00176477432251
1386510000000,-0.00226426124573
1386550000000,-0.00220954418182
1386590000000,-0.00151062011719
1386590000000,-0.00199067592621
1386640000000,-0.00246608257294
1386640000000,-0.00237381458282
1386680000000,-0.00248050689697
1386730000000,-0.00340354442596
1386780000000,-0.00272536277771
1386780000000,-0.00131905078888
1386820000000,-0.0019406080246
1386840000000,-0.00240588188171
1386880000000,-0.00262546539307
1386920000000,-0.00252377986908
1386960000000,-0.00244748592377
1386960000000,-0.00262057781219
1387000000000,-0.00163674354553
1387000000000,-0.00182628631592
1387050000000,-0.00245273113251
1387070000000,-0.00263547897339
1387110000000,-0.00305593013763
1387150000000,-0.00140905380249
1387190000000,-0.00277972221375
1387240000000,-0.00239896774292
1387280000000,-0.00168180465698
1387330000000,-0.0023729801178
1387330000000,-0.00205624103546
1387370000000,-0.00268507003784
1387390000000,-0.00206887722015
1387430000000,-0.00229167938232
1387480000000,-0.00115811824799
1387520000000,-0.0021116733551
1387560000000,-0.00190544128418
1387610000000,-0.00186109542847
1387650000000,-0.00246274471283
1387650000000,-0.00311946868896
1387690000000,-0.00219166278839
1387700000000,-0.00269782543182
1387750000000,-0.002610206604
1387790000000,-0.00288498401642
1387790000000,-0.00109302997589
1387840000000,-0.00283753871918
1387850000000,-0.00220704078674
1387900000000,-0.00235402584076
1387940000000,-0.00318121910095
1387980000000,-0.00223672389984
1387980000000,-0.00241661071777
1388030000000,-0.00238931179047
1388030000000,-0.0025337934494
1388070000000,-0.00229775905609
1388100000000,-0.00216090679169
1388140000000,-0.00190007686615
1388180000000,-0.0020968914032
1388230000000,-0.0022714138031
1388270000000,-0.00237929821014
1388310000000,-0.00172829627991
1388360000000,-0.0025886297226
1388400000000,-0.00284469127655
1388450000000,-0.00175714492798
1388450000000,-0.0028235912323
1388490000000,-0.000953078269958
1388510000000,-0.00254213809967
1388560000000,-0.00197982788086
1388600000000,-0.00244796276093
1388650000000,-0.00167405605316
1388650000000,-0.00215542316437
1388690000000,-0.00168216228485
1388710000000,-0.00119984149933
1388750000000,-0.00134444236755
1388800000000,-0.00165140628815
1388840000000,-0.00106334686279
1388840000000,-0.00183546543121
1388890000000,-0.000847101211548
1388910000000,0.000556707382202
1388950000000,-0.00026524066925
1388990000000,-0.00180625915527
1389040000000,-0.00103199481964
1389040000000,-0.000499606132507
1389080000000,-0.000132441520691
1389080000000,0.00129961967468
1389130000000,0.000246644020081
1389170000000,0.00029069185257
1389220000000,0.00015127658844
1389220000000,0.000143110752106
1389260000000,0.000439345836639
1389270000000,0.00121688842773
1389320000000,0.000595569610596
1389360000000,0.00174689292908
1389400000000,0.00152319669724
1389400000000,0.000921905040741
1389450000000,0.00162494182587
1389460000000,0.00154447555542
1389500000000,0.00168538093567
1389550000000,0.00275313854218
1389590000000,0.00239008665085
1389590000000,0.00286108255386
1389630000000,0.00265097618103
1389650000000,0.00320714712143
1389690000000,0.00299942493439
1389740000000,0.00263118743896
1389780000000,0.00233435630798
1389780000000,0.00157356262207
1389820000000,0.00425732135773
1389850000000,0.00293129682541
1389890000000,0.00350773334503
1389940000000,0.0030711889267
1389980000000,0.00350773334503
1389980000000,0.002561211586
1390030000000,0.00498414039612
1390060000000,0.00500583648682
1390100000000,0.00501042604446
1390150000000,0.00429046154022
1390150000000,0.00550782680511
1390190000000,0.00429320335388
1390200000000,0.00465548038483
1390250000000,0.00511628389359
1390300000000,0.00493294000626
1390300000000,0.00449442863464
1390340000000,0.00404095649719
1390350000000,0.00517183542252
1390390000000,0.00500774383545
1390440000000,0.00449794530869
1390480000000,0.00528717041016
1390530000000,0.00560003519058
1390530000000,0.00578999519348
1390570000000,0.00483500957489
1390570000000,0.00429749488831
1390620000000,0.00422209501266
1390670000000,0.0059005022049
1390710000000,0.00461584329605
1390750000000,0.00613611936569
1390750000000,0.00449222326279
1390800000000,0.00536721944809
1390810000000,0.00535094738007
1390860000000,0.00556999444962
1390900000000,0.00739777088165
1390950000000,0.00673788785934
1390950000000,0.00619411468506
1390990000000,0.00645017623901
1391000000000,0.00575566291809
1391050000000,0.006891310215
1391090000000,0.00485992431641
1391130000000,0.00580984354019
1391130000000,0.00598692893982
1391170000000,0.00573068857193
1391190000000,0.00508737564087
1391230000000,0.00712382793427
1391270000000,0.00670152902603
1391320000000,0.00679737329483
1391360000000,0.00534182786942
1391410000000,0.00635313987732
1391410000000,0.00689089298248
1391450000000,0.00653100013733
1391480000000,0.00573378801346
1391520000000,0.00608032941818
1391570000000,0.00624358654022
1391610000000,0.00548475980759
1391610000000,0.00601422786713
1391660000000,0.0061422586441
1391660000000,0.00614714622498
1391710000000,0.00585854053497
1391750000000,0.00489473342896
1391800000000,0.00539499521255
1391800000000,0.00501203536987
1391840000000,0.00564903020859
1391850000000,0.00537365674973
1391890000000,0.00586926937103
1391940000000,0.00670516490936
1391990000000,0.00646018981934
1391990000000,0.00595819950104
1392030000000,0.00526535511017
1392030000000,0.00529634952545
1392070000000,0.00651091337204
1392120000000,0.00609493255615
1392160000000,0.00590640306473
1392200000000,0.00503778457642
1392200000000,0.00492906570435
1392250000000,0.00438320636749
1392250000000,0.00574785470963
1392300000000,0.00576710700989
1392340000000,0.00582009553909
1392380000000,0.00452387332916
1392430000000,0.00385081768036
1392430000000,0.00364810228348
1392480000000,0.00379282236099
1392490000000,0.00456523895264
1392530000000,0.0030266046524
1392570000000,0.00242209434509
1392620000000,-0.00203895568848
1392660000000,-0.00418436527252
1392660000000,-0.00900769233704
1392700000000,-0.0148181915283
1392720000000,-0.0167797803879
1392760000000,-0.0268386602402
1392800000000,-0.0320684909821
1392850000000,-0.0373905897141
1392850000000,-0.0453141927719
1392890000000,-0.0530784130096
1392900000000,-0.0590246915817
1392940000000,-0.0680800676346
1392990000000,-0.0732185840607
1393030000000,-0.0794612169266
1393030000000,-0.0895228385925
1393070000000,-0.0961775779724
1393080000000,-0.100453495979
1393120000000,-0.111961126328
1393160000000,-0.116640090942
1393200000000,-0.124450445175
1393210000000,-0.129186987877
1393230000000,-0.142519593239
1393260000000,-0.148270010948
1393310000000,-0.157438278198
1393350000000,-0.160824775696
1393350000000,-0.172372698784
1393400000000,-0.181125164032
1393410000000,-0.18748486042
1393450000000,-0.192334413528
1393500000000,-0.197501063347
1393540000000,-0.206867337227
1393590000000,-0.214895606041
1393630000000,-0.226675391197
1393630000000,-0.235425949097
1393680000000,-0.24359536171
1393690000000,-0.248716711998
1393740000000,-0.249745368958
1393780000000,-0.25862634182
1393830000000,-0.261305332184
1393830000000,-0.270344614983
1393870000000,-0.276986241341
1393870000000,-0.282215118408
1393910000000,-0.288286566734
1393940000000,-0.293698549271
1393980000000,-0.296425700188
1394030000000,-0.302557110786
1394030000000,-0.307662844658
1394070000000,-0.315439343452
1394080000000,-0.323797464371
1394130000000,-0.33142888546
1394170000000,-0.337629079819
1394170000000,-0.341416478157
1394210000000,-0.346310138702
1394230000000,-0.351241827011
1394270000000,-0.359927773476
1394320000000,-0.364399313927
1394370000000,-0.373542547226
1394370000000,-0.378533005714
1394410000000,-0.386340618134
1394410000000,-0.391040563583
1394450000000,-0.397436618805
1394470000000,-0.405102729797
1394510000000,-0.413084864616
1394560000000,-0.41862654686
1394610000000,-0.426069259644
1394610000000,-0.432063817978
1394650000000,-0.436679005623
1394650000000,-0.442227959633
1394690000000,-0.44584941864
1394700000000,-0.451609611511
1394740000000,-0.455081939697
1394790000000,-0.460314512253
1394830000000,-0.464014053345
1394830000000,-0.466183662415
1394880000000,-0.4681391716
1394880000000,-0.471411705017
1394920000000,-0.472095608711
1394970000000,-0.474708676338
1395010000000,-0.477012395859
1395010000000,-0.478792786598
1395060000000,-0.480368971825
1395060000000,-0.482397556305
1395100000000,-0.482216954231
1395150000000,-0.481821656227
1395190000000,-0.482366204262
1395190000000,-0.483857631683
1395230000000,-0.481012105942
1395240000000,-0.480828285217
1395280000000,-0.480737447739
1395330000000,-0.48053753376
1395370000000,-0.47656917572
1395370000000,-0.475028038025
1395410000000,-0.474324822426
1395420000000,-0.470583200455
1395460000000,-0.472245454788
1395510000000,-0.466699719429
1395550000000,-0.46860742569
1395600000000,-0.464809894562
1395600000000,-0.46266746521
1395640000000,-0.464801669121
1395650000000,-0.459473490715
1395690000000,-0.460339903831
1395740000000,-0.462027072906
1395780000000,-0.461780428886
1395780000000,-0.461376786232
1395830000000,-0.459664344788
1395830000000,-0.457178235054
1395870000000,-0.460565328598
1395920000000,-0.457321643829
1395960000000,-0.460520505905
1395960000000,-0.459495782852
1396010000000,-0.461961984634
1396010000000,-0.460420131683
1396050000000,-0.462493896484
1396090000000,-0.461150288582
1396140000000,-0.462251663208
1396180000000,-0.465061426163
1396180000000,-0.46839261055
1396230000000,-0.469396829605
1396230000000,-0.46842443943
1396270000000,-0.470790743828
1396290000000,-0.467893123627
1396330000000,-0.47209918499
1396370000000,-0.473324418068
1396420000000,-0.472070932388
1396420000000,-0.476751208305
1396460000000,-0.477700471878
1396460000000,-0.476025104523
1396500000000,-0.47986471653
1396550000000,-0.477910995483
1396590000000,-0.478976726532
1396590000000,-0.478448390961
1396640000000,-0.482815861702
1396640000000,-0.48180937767
1396680000000,-0.486394405365
1396730000000,-0.49120426178
1396770000000,-0.495057463646
1396770000000,-0.497592806816
1396810000000,-0.497709155083
1396820000000,-0.497787952423
1396870000000,-0.500961065292
1396910000000,-0.504808306694
1396960000000,-0.506326794624
1396960000000,-0.512747049332
1397000000000,-0.515112757683
1397010000000,-0.517183899879
1397050000000,-0.519274234772
1397100000000,-0.521141529083
1397100000000,-0.524306893349
1397140000000,-0.525238633156
1397150000000,-0.528535604477
1397190000000,-0.531644940376
1397230000000,-0.532647252083
1397270000000,-0.534470677376
1397270000000,-0.533508062363
1397320000000,-0.535588145256
1397320000000,-0.535333514214
1397360000000,-0.534799933434
1397410000000,-0.533752679825
1397450000000,-0.531473278999
1397450000000,-0.529231667519
1397500000000,-0.525821089745
1397500000000,-0.520983934402
1397540000000,-0.516982674599
1397590000000,-0.5122153759
1397630000000,-0.504703521729
1397630000000,-0.500007390976
1397680000000,-0.493382573128
1397690000000,-0.48784327507
1397740000000,-0.479423046112
1397780000000,-0.473484277725
1397830000000,-0.467008471489
1397830000000,-0.459156155586
1397880000000,-0.45261156559
1397880000000,-0.44614470005
1397920000000,-0.439127326012
1397970000000,-0.432058691978
1398010000000,-0.425690889359
1398010000000,-0.419901609421
1398050000000,-0.410288691521
1398090000000,-0.404757022858
1398130000000,-0.392890810966
1398170000000,-0.385491013527
1398220000000,-0.377039790154
1398260000000,-0.369178056717
1398310000000,-0.362143278122
1398350000000,-0.354754567146
1398390000000,-0.346459746361
1398440000000,-0.339451909065
1398490000000,-0.332362174988
1398490000000,-0.327760696411
1398530000000,-0.323904633522
1398540000000,-0.316685318947
1398580000000,-0.308356404305
1398630000000,-0.302435040474
1398680000000,-0.267541527748
1398720000000,-0.225676417351
1398720000000,-0.195011496544
1398760000000,-0.165221691132
1398780000000,-0.134787082672
1398820000000,-0.0940110683441
1398870000000,-0.0549619197845
1398910000000,-0.0119653940201
1398960000000,0.0161923766136
1399000000000,0.0574790239334
1399000000000,0.0858551859856
1399040000000,0.125368773937
1399080000000,0.161331236362
1399120000000,0.199213564396
1399170000000,0.227868318558
1399210000000,0.256290853024
1399210000000,0.285469412804
1399260000000,0.311996519566
1399260000000,0.340682446957
1399310000000,0.368170917034
1399350000000,0.395297050476
1399400000000,0.431128144264
1399400000000,0.457870304585
1399440000000,0.482873022556
1399450000000,0.508312404156
1399490000000,0.532173335552
1399540000000,0.549296140671
1399540000000,0.571044266224
1399580000000,0.590531527996
1399600000000,0.610812544823
1399640000000,0.631900012493
1399690000000,0.652129590511
1399730000000,0.669464915991
1399770000000,0.661491662264
1399820000000,0.652726203203
1399870000000,0.64286211133
1399870000000,0.635644584894
1399920000000,0.628466874361
1399930000000,0.620945960283
1399980000000,0.611552208662
1400020000000,0.600002765656
1400060000000,0.596409320831
1400060000000,0.594276100397
1400110000000,0.595066308975
1400110000000,0.596479952335
1400150000000,0.59719991684
1400200000000,0.598361462355
1400240000000,0.597034603357
1400250000000,0.597850710154
1400290000000,0.595402777195
1400290000000,0.594707369804
1400330000000,0.593002825975
1400380000000,0.590352982283
1400420000000,0.586974829435
1400420000000,0.582415610552
1400470000000,0.577533364296
1400470000000,0.571254611015
1400510000000,0.563485741615
1400560000000,0.553901702166
1400560000000,0.547907501459
1400610000000,0.543526738882
1400620000000,0.5355014503
1400660000000,0.530367404222
1400710000000,0.525729596615
1400750000000,0.51895865798
1400750000000,0.513718158007
1400800000000,0.508701622486
1400810000000,0.498379468918
1400850000000,0.4874740839
1400900000000,0.480740189552
1400940000000,0.472042679787
1400980000000,0.465934932232
1401030000000,0.459753990173
1401030000000,0.452107071877
1401070000000,0.444557547569
1401080000000,0.438897252083
1401120000000,0.433660209179
1401170000000,0.426542520523
1401210000000,0.419779062271
1401210000000,0.414154529572
1401260000000,0.408051609993
1401260000000,0.401844024658
1401300000000,0.395107388496
1401320000000,0.389336705208
1401350000000,0.379756391048
1401400000000,0.374158501625
1401440000000,0.366065442562
1401440000000,0.360390305519
1401490000000,0.354460895061
1401500000000,0.347851157188
1401550000000,0.342389345169
1401590000000,0.335709393024
1401630000000,0.327089130878
1401680000000,0.317886769772
1401720000000,0.311874270439
1401720000000,0.305012106895
1401770000000,0.299292683601
1401770000000,0.295247554779
1401820000000,0.289873361588
1401870000000,0.285349190235
1401870000000,0.279944777489
1401910000000,0.27251046896
1401920000000,0.266963362694
1401970000000,0.261461019516
1402010000000,0.256375968456
1402010000000,0.250006735325
1402060000000,0.245392739773
1402070000000,0.240026891232
1402110000000,0.233458280563
1402160000000,0.230185866356
1402200000000,0.225561976433
1402240000000,0.21789675951
1402290000000,0.210767030716
1402330000000,0.203784048557
1402330000000,0.19730335474
1402380000000,0.192273378372
1402390000000,0.188342630863
1402430000000,0.18223285675
1402470000000,0.17891907692
1402520000000,0.175408363342
1402520000000,0.170428037643
1402560000000,0.166489779949
1402570000000,0.161297559738
1402610000000,0.157520949841
1402660000000,0.153437137604
1402700000000,0.149232804775
1402750000000,0.143839836121
1402750000000,0.14131051302
1402790000000,0.135542750359
1402800000000,0.129741728306
1402840000000,0.125652909279
1402890000000,0.120904862881
1402930000000,0.117025971413
1402980000000,0.110750317574
1402980000000,0.107970833778
1403020000000,0.10359364748
1403030000000,0.10193669796
1403070000000,0.0986417531967
1403110000000,0.0953524708748
1403150000000,0.0901290774345
1403200000000,0.0863429903984
1403200000000,0.0833303928375
1403250000000,0.0791170597076
1403250000000,0.0764669775963
1403290000000,0.0747944116592
1403340000000,0.0733104348183
1403390000000,0.0714122056961
1403390000000,0.0669360160828
1403430000000,0.0650996565819
1403440000000,0.0627782344818
1403490000000,0.0579853057861
1403530000000,0.0557649731636
1403580000000,0.0523734688759
1403580000000,0.0494758486748
1403620000000,0.0468488931656
1403620000000,0.0451270341873
1403670000000,0.0435824394226
1403680000000,0.040947675705
1403730000000,0.0388557314873
1403770000000,0.0364637374878
1403770000000,0.0321794748306
1403820000000,0.0312950015068
1403830000000,0.0271176695824
1403870000000,0.0265502929688
1403920000000,0.0234683156013
1403960000000,0.0216294527054
1403960000000,0.0185570120811
1404010000000,0.0162949562073
1404010000000,0.0158529281616
1404050000000,0.01196205616
1404060000000,0.0123948454857
1404100000000,0.0098625421524
1404150000000,0.00629991292953
1404190000000,0.00413936376572
1404240000000,0.000750184059143
1404240000000,-0.00136303901672
1404280000000,-0.00416707992554
1404310000000,-0.00456547737122
1404350000000,-0.00816977024078
1404400000000,-0.00920915603638
1404450000000,-0.0112006664276
1404490000000,-0.0123472213745
1404540000000,-0.0146217346191
1404540000000,-0.0164674520493
1404580000000,-0.0172876119614
1404590000000,-0.0166040658951
1404630000000,-0.0191565752029
1404670000000,-0.0208200216293
1404720000000,-0.0228275060654
1404760000000,-0.024911403656
1404760000000,-0.0253485441208
1404810000000,-0.0254167318344
1404820000000,-0.0267162322998
1404870000000,-0.026255607605
1404910000000,-0.0264773368835
1404950000000,-0.0277749300003
1404950000000,-0.0289276838303
1405000000000,-0.0302031040192
1405000000000,-0.0316256284714
1405040000000,-0.0319538116455
1405070000000,-0.0329855680466
1405110000000,-0.032497048378
1405150000000,-0.0328425168991
1405200000000,-0.0331970453262
1405200000000,-0.0342227220535
1405250000000,-0.0354044437408
1405260000000,-0.0362445116043
1405300000000,-0.0365133285522
1405350000000,-0.0367676019669
1405390000000,-0.0370473861694
1405390000000,-0.0368268489838
1405440000000,-0.0374759435654
1405440000000,-0.0375521183014
1405480000000,-0.0384349822998
1405530000000,-0.0386646986008
1405570000000,-0.0401777029037
1405570000000,-0.0398186445236
1405620000000,-0.0400776863098
1405620000000,-0.0408730506897
1405670000000,-0.0410177707672
1405710000000,-0.0406610965729
1405750000000,-0.0411419868469
1405750000000,-0.0416079759598
1405790000000,-0.0416301488876
1405800000000,-0.0412061214447
1405840000000,-0.0404570102692
1405890000000,-0.0412513017654
1405930000000,-0.0428473949432
1405930000000,-0.0427739620209
1405980000000,-0.0417586565018
1405980000000,-0.0429726839066
1406020000000,-0.0434583425522
1406070000000,-0.0428472757339
1406110000000,-0.0428587198257
1406160000000,-0.0432335138321
1406160000000,-0.0440126657486
1406200000000,-0.0419492721558
1406210000000,-0.0447483062744
1406260000000,-0.0442447662354
1406300000000,-0.0441651344299
1406350000000,-0.0423290729523
1406350000000,-0.0435614585876
1406390000000,-0.0413147211075
1406400000000,-0.0413677692413
1406440000000,-0.0429173707962
1406490000000,-0.0414102077484
1406530000000,-0.0408030748367
1406530000000,-0.0406496524811
1406570000000,-0.0397971868515
1406580000000,-0.0406267642975
1406630000000,-0.040590763092
1406670000000,-0.0392081737518
1406710000000,-0.039545416832
1406760000000,-0.0382159948349
1406760000000,-0.0374995470047
1406800000000,-0.0380209684372
1406820000000,-0.0378082990646
1406860000000,-0.0371333360672
1406910000000,-0.0357174873352
1406950000000,-0.0347821712494
1407000000000,-0.0347200632095
1407040000000,-0.034056186676
1407080000000,-0.0347635746002
1407080000000,-0.033864736557
1407130000000,-0.0338954925537
1407170000000,-0.0332014560699
1407210000000,-0.0319603681564
1407260000000,-0.0320156812668
1407300000000,-0.0308870077133
1407350000000,-0.0305658578873
1407390000000,-0.0301370620728
1407430000000,-0.030625462532
1407430000000,-0.0298459529877
1407470000000,-0.0295145511627
1407500000000,-0.0290542840958
1407540000000,-0.0287797451019
1407580000000,-0.0274876356125
1407630000000,-0.027578830719
1407630000000,-0.0279079675674
1407670000000,-0.0275535583496
1407680000000,-0.026694893837
1407720000000,-0.0259598493576
1407760000000,-0.0264146327972
1407810000000,-0.0257126092911
1407850000000,-0.02556848526
1407890000000,-0.0251041650772
1407890000000,-0.0246064662933
1407940000000,-0.0222805738449
1407950000000,-0.0240393877029
1408000000000,-0.0228675603867
1408040000000,-0.0232251882553
1408080000000,-0.0219695568085
1408120000000,-0.021292924881
1408170000000,-0.0213186740875
1408170000000,-0.0207295417786
1408220000000,-0.0201961994171
1408230000000,-0.0206136703491
1408270000000,-0.0206546783447
1408310000000,-0.0177851915359
1408360000000,-0.0195597410202
1408360000000,-0.0183581113815
1408400000000,-0.0176916122437
1408400000000,-0.0184378623962
1408440000000,-0.0182025432587
1408480000000,-0.0183824300766
1408530000000,-0.0174180269241
1408570000000,-0.0160776376724
1408570000000,-0.0178825855255
1408620000000,-0.0169001817703
1408630000000,-0.0166887044907
1408670000000,-0.0163488388062
1408710000000,-0.0154701471329
1408760000000,-0.0158605575562
1408760000000,-0.0154360532761
1408800000000,-0.0136873722076
1408810000000,-0.0156005620956
1408860000000,-0.0153238773346
1408900000000,-0.0126206874847
1408950000000,-0.013548374176
1408990000000,-0.0135256052017
1409030000000,-0.0128319263458
1409030000000,-0.0138304233551
1409080000000,-0.0117763280869
1409090000000,-0.0112457275391
1409140000000,-0.0109616518021
1409180000000,-0.0117952823639
1409180000000,-0.0111410617828
1409230000000,-0.0102109909058
1409240000000,-0.0100506544113
1409280000000,-0.0095956325531
1409330000000,-0.0112910270691
1409380000000,-0.0106981992722
1409380000000,-0.00994491577148
1409420000000,-0.00785613059998
1409440000000,-0.00689685344696
1409490000000,-0.00802981853485
1409530000000,-0.00851011276245
1409570000000,-0.0085027217865
1409620000000,-0.00741183757782
1409620000000,-0.00626862049103
1409660000000,-0.00540030002594
1409660000000,-0.00506579875946
1409710000000,-0.00531375408173
1409750000000,-0.00581407546997
1409790000000,-0.00526309013367
1409840000000,-0.00488591194153
1409880000000,-0.00351905822754
1409880000000,-0.00212776660919
1409930000000,0.0276198387146
1409930000000,0.0575526356697
1409970000000,0.0870534181595
1410020000000,0.115625202656
1410060000000,0.162131607533
1410110000000,0.207855701447
1410150000000,0.243474960327
1410190000000,0.276328146458
1410240000000,0.308523952961
1410280000000,0.340956747532
1410330000000,0.365373551846
1410330000000,0.389781713486
1410370000000,0.414725601673
1410370000000,0.437487304211
1410410000000,0.460954546928
1410460000000,0.483449459076
1410500000000,0.50680616498
1410540000000,0.537859678268
1410590000000,0.564855724573
1410590000000,0.586420834064
1410630000000,0.605955660343
1410630000000,0.625679194927
1410670000000,0.641468018293
1410720000000,0.659006804228
1410760000000,0.672379493713
1410760000000,0.68423807621
1410810000000,0.686482042074
1410810000000,0.67989769578
1410860000000,0.679121136665
1410900000000,0.844950690866
1410940000000,0.68104839325
1410990000000,0.681801885366
1411040000000,0.682609885931
1411040000000,0.685171276331
1411080000000,0.684619963169
1411090000000,0.686442404985
1411140000000,0.688224375248
1411180000000,0.687946379185
1411230000000,0.688062489033
1411230000000,0.688122063875
1411270000000,0.689689695835
1411270000000,0.690476238728
1411320000000,0.69252717495
1411330000000,0.693592399359
1411380000000,0.695197105408
1411420000000,0.696105003357
1411420000000,0.69805765152
1411460000000,0.699836075306
1411480000000,0.700884819031
1411530000000,0.701470196247
1411570000000,0.703176319599
1411620000000,0.705181479454
1411620000000,0.705952763557
1411660000000,0.707639336586
1411670000000,0.709474414587
1411710000000,0.711336046457
1411760000000,0.713818013668
1411800000000,0.717446208
1411850000000,0.719654798508
1411850000000,0.722304135561
1411890000000,0.72279599309
1411910000000,0.724556028843
1411950000000,0.72553896904
1411990000000,0.728281229734
1412040000000,0.728846669197
1412040000000,0.730253487825
1412080000000,0.731821656227
1412110000000,0.733774632215
1412150000000,0.736219853163
